experiment_id,family,model,seed,ordinal,ema,preprocessing,loss,imbalance,augmentation,differential_lr,stage_a_epochs,weight_decay,max_epochs,patience,best_epoch,epochs_run,stopped_early,val_accuracy,val_macro_f1,val_weighted_f1,val_balanced_accuracy,val_qwk,val_mae,val_within1,val_KL0_F1,val_KL1_F1,val_KL2_F1,val_KL3_F1,val_KL4_F1,val_binary_oa_acc,val_binary_oa_auc,val_3class_acc,parameters,model_size_mb,gmacs,gpu_latency_ms,cpu_latency_ms,training_time_sec,checkpoint,note
mobilenet_v2__M0_baseline,matrix,mobilenet_v2,42,,False,basic,weighted_cross_entropy,weighted_ce,augmentation.yaml,False,3,0.0001,50,5,20,25,True,0.6058,0.6325,0.5932,0.6435,0.7564,0.4968,0.9006,0.7172,0.2438,0.5371,0.7414,0.9231,0.8126,0.8919,0.6971,2230277,8.728,0.3129,2.9118,8.7111,142.7,C:\Users\knpra\OneDrive\Documents\projects\OA\models\phase7\mobilenet_v2__M0_baseline\best.pt,Phase-4 recipe control
mobilenet_v2__M_difflr,matrix,mobilenet_v2,42,,False,basic,weighted_cross_entropy,weighted_ce,augmentation.yaml,True,5,5e-05,50,5,41,46,True,0.4499,0.4634,0.4485,0.4919,0.6097,0.7286,0.8433,0.5979,0.2397,0.3146,0.522,0.6429,0.7472,0.804,0.5751,2230277,8.728,0.3129,3.8025,9.0497,236.8,C:\Users\knpra\OneDrive\Documents\projects\OA\models\phase7\mobilenet_v2__M_difflr\best.pt,single dimension: difflr
mobilenet_v2__M_focal,matrix,mobilenet_v2,42,,False,basic,focal,weighted_ce,augmentation.yaml,False,3,0.0001,50,5,26,31,True,0.5412,0.6214,0.555,0.6527,0.7538,0.5202,0.9426,0.599,0.3849,0.481,0.7304,0.9114,0.8166,0.8944,0.6729,2230277,8.728,0.3129,3.6532,9.0052,169.8,C:\Users\knpra\OneDrive\Documents\projects\OA\models\phase7\mobilenet_v2__M_focal\best.pt,single dimension: focal
mobilenet_v2__M_classbal,matrix,mobilenet_v2,42,,False,basic,class_balanced,weighted_ce,augmentation.yaml,False,3,0.0001,50,5,29,34,True,0.5905,0.6459,0.6008,0.6584,0.7554,0.4935,0.9192,0.6711,0.3643,0.5557,0.7407,0.8974,0.8142,0.8912,0.7011,2230277,8.728,0.3129,2.4472,8.146,159.8,C:\Users\knpra\OneDrive\Documents\projects\OA\models\phase7\mobilenet_v2__M_classbal\best.pt,single dimension: classbal
mobilenet_v2__M_sqrtsampler,matrix,mobilenet_v2,42,,False,basic,weighted_cross_entropy,sqrt_inv_freq,augmentation.yaml,False,3,0.0001,50,5,27,32,True,0.5897,0.6419,0.5974,0.6582,0.7675,0.4871,0.9249,0.6979,0.3413,0.5111,0.7593,0.9,0.815,0.8924,0.7141,2230277,8.728,0.3129,2.3805,7.4995,166.7,C:\Users\knpra\OneDrive\Documents\projects\OA\models\phase7\mobilenet_v2__M_sqrtsampler\best.pt,single dimension: sqrtsampler
mobilenet_v2__M_clahe,matrix,mobilenet_v2,42,,False,clahe,weighted_cross_entropy,weighted_ce,augmentation.yaml,False,3,0.0001,50,5,28,33,True,0.5969,0.6454,0.6022,0.6602,0.752,0.4968,0.9095,0.6909,0.3259,0.5463,0.764,0.9,0.8005,0.8863,0.7132,2230277,8.728,0.3129,2.3968,8.8929,142.8,C:\Users\knpra\OneDrive\Documents\projects\OA\models\phase7\mobilenet_v2__M_clahe\best.pt,single dimension: clahe
mobilenet_v2__M_strongaug,matrix,mobilenet_v2,42,,False,basic,weighted_cross_entropy,weighted_ce,augmentation_phase7_strong.yaml,False,3,0.0001,50,5,34,39,True,0.6195,0.6532,0.615,0.6616,0.7769,0.4653,0.9176,0.7299,0.3167,0.5294,0.7952,0.8947,0.8174,0.8978,0.7262,2230277,8.728,0.3129,2.3039,6.6211,166.5,C:\Users\knpra\OneDrive\Documents\projects\OA\models\phase7\mobilenet_v2__M_strongaug\best.pt,single dimension: strongaug
efficientnet_b0__M0_baseline,matrix,efficientnet_b0,42,,False,basic,weighted_cross_entropy,weighted_ce,augmentation.yaml,False,3,0.0001,50,5,34,39,True,0.6252,0.6497,0.6175,0.6422,0.7652,0.4717,0.9039,0.724,0.3022,0.5654,0.7803,0.8767,0.8207,0.8988,0.7157,4013953,15.577,0.3981,3.4069,8.7878,187.7,C:\Users\knpra\OneDrive\Documents\projects\OA\models\phase7\efficientnet_b0__M0_baseline\best.pt,Phase-4 recipe control
efficientnet_b0__M_difflr,matrix,efficientnet_b0,42,,False,basic,weighted_cross_entropy,weighted_ce,augmentation.yaml,True,5,5e-05,50,5,49,50,False,0.5275,0.5612,0.5318,0.5826,0.704,0.5856,0.895,0.6549,0.304,0.4283,0.6332,0.7857,0.7884,0.854,0.6567,4013953,15.577,0.3981,8.3558,9.2959,227.4,C:\Users\knpra\OneDrive\Documents\projects\OA\models\phase7\efficientnet_b0__M_difflr\best.pt,single dimension: difflr
efficientnet_b0__M_strongaug,matrix,efficientnet_b0,42,,False,basic,weighted_cross_entropy,weighted_ce,augmentation_phase7_strong.yaml,False,3,0.0001,50,5,20,25,True,0.5905,0.639,0.5975,0.6379,0.7475,0.5032,0.9063,0.6949,0.3147,0.5276,0.7744,0.8831,0.8021,0.8838,0.7149,4013953,15.577,0.3981,3.3613,8.8978,120.5,C:\Users\knpra\OneDrive\Documents\projects\OA\models\phase7\efficientnet_b0__M_strongaug\best.pt,single dimension: strongaug
convnext_tiny__M0_baseline,matrix,convnext_tiny,42,,False,basic,weighted_cross_entropy,weighted_ce,augmentation.yaml,False,3,0.0001,50,5,10,15,True,0.6769,0.7064,0.6847,0.7136,0.84,0.3619,0.9612,0.7787,0.392,0.6563,0.8163,0.8889,0.8562,0.9349,0.7924,27823973,106.198,4.4697,3.8907,19.8991,107.4,C:\Users\knpra\OneDrive\Documents\projects\OA\models\phase7\convnext_tiny__M0_baseline\best.pt,Phase-4 recipe control
convnext_tiny__M_difflr,matrix,convnext_tiny,42,,False,basic,weighted_cross_entropy,weighted_ce,augmentation.yaml,True,5,5e-05,50,5,16,21,True,0.6648,0.7129,0.6742,0.7174,0.8326,0.3756,0.9596,0.7713,0.4343,0.5929,0.8199,0.9459,0.8522,0.9298,0.7811,27823973,106.198,4.4697,2.6019,22.7929,137.6,C:\Users\knpra\OneDrive\Documents\projects\OA\models\phase7\convnext_tiny__M_difflr\best.pt,single dimension: difflr
convnext_tiny__M_strongaug,matrix,convnext_tiny,42,,False,basic,weighted_cross_entropy,weighted_ce,augmentation_phase7_strong.yaml,False,3,0.0001,50,5,10,15,True,0.6648,0.6993,0.6686,0.6969,0.8346,0.3764,0.9596,0.765,0.3122,0.6525,0.8435,0.9231,0.8506,0.934,0.7754,27823973,106.198,4.4697,3.6045,22.6471,105.9,C:\Users\knpra\OneDrive\Documents\projects\OA\models\phase7\convnext_tiny__M_strongaug\best.pt,single dimension: strongaug
mobilenet_v2__M_corn,matrix,mobilenet_v2,42,corn,False,basic,corn,weighted_ce,augmentation.yaml,False,3,0.0001,50,5,31,36,True,0.6244,0.6586,0.6243,0.6636,0.7793,0.4556,0.9225,0.7392,0.3361,0.5476,0.7727,0.8974,0.8158,0.9003,0.7375,2228996,8.724,0.3129,2.3007,7.0617,155.0,C:\Users\knpra\OneDrive\Documents\projects\OA\models\phase7\mobilenet_v2__M_corn\best.pt,CORN ordinal head (4 logits)
efficientnet_b0__M_corn,matrix,efficientnet_b0,42,corn,False,basic,corn,weighted_ce,augmentation.yaml,False,3,0.0001,50,5,21,26,True,0.5969,0.6434,0.602,0.6397,0.7569,0.4903,0.9152,0.7005,0.2996,0.5517,0.756,0.9091,0.8102,0.8907,0.7076,4012672,15.572,0.3981,3.5875,8.9284,140.2,C:\Users\knpra\OneDrive\Documents\projects\OA\models\phase7\efficientnet_b0__M_corn\best.pt,CORN ordinal head (4 logits)
convnext_tiny__M_corn,matrix,convnext_tiny,42,corn,False,basic,corn,weighted_ce,augmentation.yaml,False,3,0.0001,50,5,7,12,True,0.6494,0.6633,0.6347,0.6646,0.8105,0.4168,0.9346,0.7695,0.2617,0.5739,0.8073,0.9041,0.8368,0.9241,0.7528,27823204,106.195,4.4697,2.5868,21.1587,92.0,C:\Users\knpra\OneDrive\Documents\projects\OA\models\phase7\convnext_tiny__M_corn\best.pt,CORN ordinal head (4 logits)
mobilenet_v2__M7_stack,combine,mobilenet_v2,42,,False,clahe,class_balanced,sqrt_inv_freq,augmentation_phase7_strong.yaml,False,3,0.0001,50,5,24,29,True,0.5767,0.6295,0.5841,0.6418,0.7534,0.5089,0.9176,0.6938,0.2966,0.5025,0.7456,0.9091,0.8053,0.8831,0.7084,2230277,8.728,0.3129,2.4836,9.9607,137.4,C:\Users\knpra\OneDrive\Documents\projects\OA\models\phase7\mobilenet_v2__M7_stack\best.pt,"stack: ['sqrtsampler', 'clahe', 'strongaug', 'classbal']"
mobilenet_v2__M8_stack_ema,combine,mobilenet_v2,42,,True,clahe,class_balanced,sqrt_inv_freq,augmentation_phase7_strong.yaml,False,3,0.0001,50,5,48,50,False,0.58,0.6383,0.5903,0.6535,0.7551,0.5024,0.9208,0.674,0.3339,0.5217,0.7642,0.8974,0.8069,0.8899,0.7052,2230277,8.717,0.3129,2.3503,7.9839,228.9,C:\Users\knpra\OneDrive\Documents\projects\OA\models\phase7\mobilenet_v2__M8_stack_ema\best.pt,"stack: ['sqrtsampler', 'clahe', 'strongaug', 'classbal'] + EMA"
mobilenet_v2__M_corn_ema,combine,mobilenet_v2,42,corn,True,basic,corn,sqrt_inv_freq,augmentation_phase7_strong.yaml,False,3,0.0001,50,5,49,50,False,0.6074,0.6433,0.6136,0.6461,0.7819,0.4596,0.9354,0.7427,0.3414,0.5158,0.745,0.8718,0.8078,0.8979,0.7431,2228996,8.712,0.3129,3.5735,8.6979,251.8,C:\Users\knpra\OneDrive\Documents\projects\OA\models\phase7\mobilenet_v2__M_corn_ema\best.pt,CORN + EMA + adopted structural dims
efficientnet_b0__M7_stack,combine,efficientnet_b0,42,,False,basic,weighted_cross_entropy,weighted_ce,augmentation.yaml,False,3,0.0001,50,5,34,39,True,0.6252,0.6497,0.6175,0.6422,0.7652,0.4717,0.9039,0.724,0.3022,0.5654,0.7803,0.8767,0.8207,0.8988,0.7157,4013953,15.577,0.3981,5.3613,11.3083,210.4,C:\Users\knpra\OneDrive\Documents\projects\OA\models\phase7\efficientnet_b0__M7_stack\best.pt,stack: ['(none beat M0 -> == M0)']
efficientnet_b0__M8_stack_ema,combine,efficientnet_b0,42,,True,basic,weighted_cross_entropy,weighted_ce,augmentation.yaml,False,3,0.0001,50,5,48,50,False,0.6179,0.647,0.6147,0.6488,0.7734,0.4693,0.9128,0.7151,0.3259,0.5583,0.7706,0.8649,0.8239,0.8945,0.7132,4013953,15.564,0.3981,5.2449,10.5226,320.8,C:\Users\knpra\OneDrive\Documents\projects\OA\models\phase7\efficientnet_b0__M8_stack_ema\best.pt,stack: ['(none beat M0 -> == M0)'] + EMA
efficientnet_b0__M_corn_ema,combine,efficientnet_b0,42,corn,True,basic,corn,weighted_ce,augmentation.yaml,False,3,0.0001,50,5,47,50,False,0.5913,0.6416,0.5981,0.6365,0.7622,0.4895,0.92,0.6862,0.334,0.5419,0.7446,0.9014,0.8199,0.8933,0.6971,4012672,15.559,0.3981,4.6008,10.0856,288.6,C:\Users\knpra\OneDrive\Documents\projects\OA\models\phase7\efficientnet_b0__M_corn_ema\best.pt,CORN + EMA + adopted structural dims
convnext_tiny__M7_stack,combine,convnext_tiny,42,,False,basic,weighted_cross_entropy,weighted_ce,augmentation.yaml,True,5,5e-05,50,5,16,21,True,0.6648,0.7129,0.6742,0.7174,0.8326,0.3756,0.9596,0.7713,0.4343,0.5929,0.8199,0.9459,0.8522,0.9298,0.7811,27823973,106.198,4.4697,4.0276,19.6392,143.4,C:\Users\knpra\OneDrive\Documents\projects\OA\models\phase7\convnext_tiny__M7_stack\best.pt,stack: ['difflr']
convnext_tiny__M8_stack_ema,combine,convnext_tiny,42,,True,basic,weighted_cross_entropy,weighted_ce,augmentation.yaml,True,5,5e-05,50,5,28,33,True,0.6607,0.7003,0.6652,0.6943,0.8061,0.4039,0.9362,0.7389,0.3833,0.6444,0.8158,0.9189,0.8384,0.9262,0.752,27823973,106.186,4.4697,2.6019,20.4729,227.1,C:\Users\knpra\OneDrive\Documents\projects\OA\models\phase7\convnext_tiny__M8_stack_ema\best.pt,stack: ['difflr'] + EMA
convnext_tiny__M_corn_ema,combine,convnext_tiny,42,corn,True,basic,corn,weighted_ce,augmentation.yaml,True,5,5e-05,50,5,29,34,True,0.6616,0.6865,0.6578,0.6702,0.8125,0.3998,0.9394,0.7671,0.3066,0.6283,0.8138,0.9167,0.8449,0.9277,0.7609,27823204,106.184,4.4697,2.7746,23.7894,246.6,C:\Users\knpra\OneDrive\Documents\projects\OA\models\phase7\convnext_tiny__M_corn_ema\best.pt,CORN + EMA + adopted structural dims
convnext_tiny__M_difflr__seed123,multiseed,convnext_tiny,123,,False,basic,weighted_cross_entropy,weighted_ce,augmentation.yaml,True,5,5e-05,50,5,16,21,True,0.6325,0.6769,0.6366,0.6802,0.7694,0.4483,0.92,0.6851,0.3179,0.6618,0.8133,0.9067,0.8288,0.9253,0.7496,27823973,106.198,4.4697,3.7706,20.6661,156.6,C:\Users\knpra\OneDrive\Documents\projects\OA\models\phase7\convnext_tiny__M_difflr__seed123\best.pt,convnext_tiny__M_difflr @ seed 123
convnext_tiny__M_difflr__seed3407,multiseed,convnext_tiny,3407,,False,basic,weighted_cross_entropy,weighted_ce,augmentation.yaml,True,5,5e-05,50,5,14,19,True,0.6462,0.7045,0.6628,0.7063,0.8157,0.3982,0.9556,0.7124,0.4151,0.6475,0.8267,0.9211,0.8481,0.9224,0.7561,27823973,106.198,4.4697,2.7574,20.5722,127.7,C:\Users\knpra\OneDrive\Documents\projects\OA\models\phase7\convnext_tiny__M_difflr__seed3407\best.pt,convnext_tiny__M_difflr @ seed 3407
convnext_tiny__M7_stack__seed123,multiseed,convnext_tiny,123,,False,basic,weighted_cross_entropy,weighted_ce,augmentation.yaml,True,5,5e-05,50,5,16,21,True,0.6325,0.6769,0.6366,0.6802,0.7694,0.4483,0.92,0.6851,0.3179,0.6618,0.8133,0.9067,0.8288,0.9253,0.7496,27823973,106.198,4.4697,4.2309,20.3136,136.9,C:\Users\knpra\OneDrive\Documents\projects\OA\models\phase7\convnext_tiny__M7_stack__seed123\best.pt,convnext_tiny__M7_stack @ seed 123
convnext_tiny__M7_stack__seed3407,multiseed,convnext_tiny,3407,,False,basic,weighted_cross_entropy,weighted_ce,augmentation.yaml,True,5,5e-05,50,5,14,19,True,0.6462,0.7045,0.6628,0.7063,0.8157,0.3982,0.9556,0.7124,0.4151,0.6475,0.8267,0.9211,0.8481,0.9224,0.7561,27823973,106.198,4.4697,2.6918,21.3924,125.4,C:\Users\knpra\OneDrive\Documents\projects\OA\models\phase7\convnext_tiny__M7_stack__seed3407\best.pt,convnext_tiny__M7_stack @ seed 3407
mobilenet_v2__M_corn__seed123,multiseed,mobilenet_v2,123,corn,False,basic,corn,weighted_ce,augmentation.yaml,False,3,0.0001,50,5,15,20,True,0.5872,0.6238,0.5888,0.6214,0.7586,0.4976,0.9168,0.7123,0.2998,0.5058,0.7213,0.88,0.8053,0.8861,0.706,2228996,8.724,0.3129,2.9791,8.3168,102.5,C:\Users\knpra\OneDrive\Documents\projects\OA\models\phase7\mobilenet_v2__M_corn__seed123\best.pt,mobilenet_v2__M_corn @ seed 123
mobilenet_v2__M_corn__seed3407,multiseed,mobilenet_v2,3407,corn,False,basic,corn,weighted_ce,augmentation.yaml,False,3,0.0001,50,5,15,20,True,0.5897,0.6097,0.575,0.6062,0.7437,0.5178,0.8958,0.7157,0.2423,0.4847,0.729,0.8767,0.8061,0.8903,0.6866,2228996,8.724,0.3129,2.6411,7.3955,95.8,C:\Users\knpra\OneDrive\Documents\projects\OA\models\phase7\mobilenet_v2__M_corn__seed3407\best.pt,mobilenet_v2__M_corn @ seed 3407
efficientnet_b0__M0_baseline__seed123,multiseed,efficientnet_b0,123,,False,basic,weighted_cross_entropy,weighted_ce,augmentation.yaml,False,3,0.0001,50,5,13,18,True,0.5994,0.6357,0.5951,0.6534,0.7526,0.5008,0.9063,0.704,0.3394,0.5,0.7521,0.8831,0.811,0.8869,0.7003,4013953,15.577,0.3981,4.3061,9.636,99.5,C:\Users\knpra\OneDrive\Documents\projects\OA\models\phase7\efficientnet_b0__M0_baseline__seed123\best.pt,efficientnet_b0__M0_baseline @ seed 123
efficientnet_b0__M0_baseline__seed3407,multiseed,efficientnet_b0,3407,,False,basic,weighted_cross_entropy,weighted_ce,augmentation.yaml,False,3,0.0001,50,5,19,24,True,0.6082,0.6402,0.6074,0.6374,0.7443,0.4976,0.8982,0.7124,0.3282,0.5498,0.7335,0.8767,0.8118,0.8882,0.7092,4013953,15.577,0.3981,3.9181,8.6865,121.1,C:\Users\knpra\OneDrive\Documents\projects\OA\models\phase7\efficientnet_b0__M0_baseline__seed3407\best.pt,efficientnet_b0__M0_baseline @ seed 3407
