model,epoch,stage,lr,train_loss,train_acc,train_seconds,val_loss,val_acc,val_macro_f1,val_balanced_acc,val_qwk,val_macro_recall,val_macro_precision,val_kl4_f1,val_kl3_f1,epoch_seconds,val_seconds,cumulative_seconds,is_best
resnet18,1,A,0.001,1.6152611017227172,0.22690972222222222,11.39,1.5676574699327903,0.3295638126009693,0.23121360497809826,0.22943726330452813,0.1094478015607806,0.22943726330452813,0.26827863571403493,0.09090909090909091,0.17218543046357615,18.38,6.99,18.4,True
resnet18,2,A,0.0009970719095986026,1.5945025073157417,0.26579861111111114,4.47,1.5357993588886663,0.30129240710823907,0.24400079995794993,0.28154304660308094,0.19834223418977792,0.28154304660308094,0.2701417757806898,0.17647058823529413,0.10576923076923077,4.97,0.5,23.4,True
resnet18,3,A,0.0009883219675771882,1.5600526677237616,0.2925347222222222,4.4,1.458095867722408,0.4087237479806139,0.2515542100873856,0.2960103561330636,0.2295099909118039,0.2960103561330636,0.27939152065384953,0.23529411764705882,0.11764705882352941,4.9,0.5,28.4,True
resnet18,4,B,0.0001,1.5387610461976793,0.3567708333333333,4.54,1.4539908382542106,0.4079159935379645,0.2646042187977672,0.3073911179320864,0.25592631644998054,0.3073911179320864,0.29966199641640473,0.21666666666666667,0.15668202764976957,5.03,0.5,33.5,True
resnet18,5,B,9.963908926785367e-05,1.4498164388868544,0.3701388888888889,4.81,1.3233158921579167,0.388529886914378,0.33608268162437255,0.39844075417633934,0.4779266152979148,0.39844075417633934,0.3409657204753286,0.390625,0.3392226148409894,5.32,0.51,38.9,True
resnet18,6,B,9.856161996258959e-05,1.2658105492591858,0.4236111111111111,4.33,1.2067965770769196,0.4555735056542811,0.4044568369391703,0.43982112844891574,0.5445044559515682,0.43982112844891574,0.4155853577987436,0.5714285714285714,0.4125874125874126,4.78,0.45,43.8,True
resnet18,7,B,9.678330401292806e-05,1.1323683162530263,0.4769097222222222,3.28,1.173973358216694,0.4507269789983845,0.47909546095858174,0.5091386008617833,0.6140436314558066,0.5091386008617833,0.477700067182926,0.7142857142857143,0.5459770114942529,3.7,0.42,47.6,True
resnet18,8,B,9.43300732698339e-05,1.0443535010019938,0.5026041666666666,4.33,1.1167867738326263,0.49434571890145396,0.481172154141584,0.5200723538142722,0.609886946840181,0.5200723538142722,0.48947896830669035,0.7157894736842105,0.5460992907801419,4.82,0.49,52.5,True
resnet18,9,B,9.1237701361736e-05,0.9683984955151875,0.54375,4.42,1.0304418380503122,0.5492730210016155,0.5697041711196544,0.5922468600486809,0.6913161187698367,0.5922468600486809,0.5579978276916691,0.8395061728395061,0.6845238095238095,4.94,0.51,57.5,True
resnet18,10,B,8.755128203446951e-05,0.9125304778416952,0.5480902777777777,4.57,1.018226261140842,0.5508885298869144,0.5513380626947308,0.5929894426806949,0.6980106174595828,0.5929894426806949,0.5331721653222152,0.7526881720430108,0.668693009118541,5.05,0.48,62.6,False
resnet18,11,B,8.332457158291937e-05,0.8812167015340593,0.5791666666666667,4.47,0.9774003479996868,0.567043618739903,0.5830821296161065,0.596706239750177,0.7190433152086892,0.596706239750177,0.5951036112820496,0.8533333333333334,0.746268656716418,4.97,0.5,67.6,True
resnet18,12,B,7.861920496319223e-05,0.8474667165014479,0.5836805555555555,4.44,0.971604499033079,0.5533117932148627,0.5902491685631099,0.5899904033589216,0.7196204591889739,0.5899904033589216,0.6143761975797829,0.8767123287671232,0.7261146496815286,4.9,0.46,72.6,True
resnet18,13,B,7.350379701616654e-05,0.8316091073883904,0.5850694444444444,4.35,0.9612358796480976,0.5751211631663974,0.6159782455490983,0.6276654209046345,0.7322043762645778,0.6276654209046345,0.6225297071146931,0.8831168831168831,0.7696969696969697,4.83,0.48,77.5,True
resnet18,14,B,6.80529419086055e-05,0.8197984900739458,0.5980902777777778,4.55,0.941820409287351,0.5807754442649434,0.6053700663237161,0.6236925694347518,0.7391142863289195,0.6236925694347518,0.6196816839416641,0.8974358974358975,0.7724550898203593,5.03,0.48,82.6,False
resnet18,15,B,6.234612538223413e-05,0.8045139518049028,0.5904513888888889,4.67,0.9485386215475341,0.5751211631663974,0.5921765241822471,0.614702294195631,0.7307882384744473,0.614702294195631,0.6013165231636629,0.8333333333333334,0.7492063492063492,5.17,0.5,87.8,False
resnet18,16,B,5.646656567263848e-05,0.7721934325165218,0.6055555555555555,4.43,0.9280457440553074,0.5831987075928917,0.6068936972304362,0.6234739225582344,0.7412870922255004,0.6234739225582344,0.6189784998834849,0.8831168831168831,0.7774480712166172,4.92,0.49,92.8,False
resnet18,17,B,5.049999999999999e-05,0.7761873437298669,0.6131944444444445,4.38,0.92853275865846,0.5807754442649434,0.6302034866556038,0.6264957667556954,0.7541225372884149,0.6264957667556954,0.6524128340438098,0.8888888888888888,0.7950310559006211,4.86,0.48,97.7,True
resnet18,18,B,4.4533434327361506e-05,0.7685192677709791,0.6204861111111111,4.41,0.9076229243122511,0.5856219709208401,0.6216668076216652,0.6346890967672073,0.7491517944584656,0.6346890967672073,0.632939205915758,0.8974358974358975,0.7876923076923077,4.89,0.49,102.7,False
resnet18,19,B,3.86538746177659e-05,0.744292903608746,0.6178819444444444,4.34,0.917100573972662,0.5864297253634895,0.6324187115410406,0.6463350476848301,0.7574080310660627,0.6463350476848301,0.6329869982375547,0.8974358974358975,0.7904191616766467,4.84,0.49,107.6,True
resnet18,20,B,3.294705809139449e-05,0.7413044018877877,0.6180555555555556,4.48,0.8986547180302501,0.5936995153473344,0.6341285953621807,0.6475372151529957,0.7598759008487836,0.6475372151529957,0.6362129390862392,0.9230769230769231,0.7963525835866262,4.97,0.49,112.6,True
resnet18,21,B,2.7496202983833456e-05,0.7387102776103549,0.6194444444444445,4.31,0.9081313796642331,0.5896607431340872,0.637579320460997,0.6492970507167631,0.7616408181179533,0.6492970507167631,0.6412678011643529,0.9090909090909091,0.7927927927927928,4.79,0.48,117.5,True
resnet18,22,B,2.2380795036807794e-05,0.7361099690198898,0.6210069444444445,4.37,0.8974659352387289,0.598546042003231,0.6416492115148534,0.6546018161191667,0.7650778172580306,0.6546018161191667,0.65015073844263,0.9230769230769231,0.8134556574923547,4.84,0.47,122.4,True
resnet18,23,B,1.767542841708065e-05,0.7268148703707589,0.6213541666666667,4.31,0.9029340933472737,0.6001615508885298,0.6385975080822388,0.6542991087548418,0.7641457122005562,0.6542991087548418,0.6417234045519112,0.9,0.7876923076923077,4.79,0.48,127.3,False
resnet18,24,B,1.3448717965530492e-05,0.7275555200046964,0.6232638888888888,4.34,0.8969878571676707,0.6017770597738288,0.6399529900791866,0.6507995184298128,0.7731567771536462,0.6507995184298128,0.6471971257194041,0.8974358974358975,0.7962962962962963,4.82,0.48,132.1,False
resnet18,25,B,9.762298638264013e-06,0.7236285951402452,0.6244791666666667,4.38,0.899749637516712,0.5969305331179321,0.6386688689965363,0.6471417362682701,0.7702826068155288,0.6471417362682701,0.6496441684951831,0.9090909090909091,0.8024691358024691,4.88,0.5,137.1,False
resnet18,26,B,6.6699267301661265e-06,0.7194296502404742,0.6279513888888889,4.35,0.8944544401952639,0.6017770597738288,0.647875459815136,0.6545350580803807,0.7687872465103516,0.6545350580803807,0.6589342382918717,0.9210526315789473,0.8159509202453987,4.83,0.48,141.9,True
resnet18,27,B,4.216695987071972e-06,0.7259611792034573,0.6251736111111111,4.25,0.897925453010784,0.5969305331179321,0.641174708442023,0.6473120141585638,0.7619469192466317,0.6473120141585638,0.6540743162833393,0.9210526315789473,0.8111455108359134,4.71,0.46,146.7,False
resnet18,28,B,2.438380037410426e-06,0.7243723253409068,0.6276041666666666,4.32,0.8953128661689542,0.5969305331179321,0.6429292369727417,0.6486211246285135,0.766175904281369,0.6486211246285135,0.658138698889235,0.9210526315789473,0.8136645962732919,4.83,0.51,151.6,False
resnet18,29,B,1.3609107321463285e-06,0.716549865073628,0.6338541666666667,4.33,0.8968500478587359,0.5969305331179321,0.6408023050605018,0.6479071532851715,0.7651271075698816,0.6479071532851715,0.6556163299682702,0.9210526315789473,0.808641975308642,4.82,0.49,156.4,False
resnet18,30,B,1e-06,0.7178685300880008,0.6284722222222222,4.27,0.8937037839209706,0.592891760904685,0.643085979167383,0.6498111106990907,0.7717835288029957,0.6498111106990907,0.6529550242863518,0.9210526315789473,0.8134556574923547,4.77,0.5,161.3,False
resnet50,1,A,0.001,1.6085258510377671,0.23159722222222223,10.82,1.5808004997851197,0.3481421647819063,0.18218236013548408,0.2054404653269939,0.08716220533912844,0.2054404653269939,0.2097658871857097,0.0,0.0625,17.5,6.68,17.5,True
resnet50,2,A,0.0009970719095986026,1.5921598527166578,0.2809027777777778,4.31,1.5423433301136837,0.36348949919224555,0.29509287262551986,0.2973638589960005,0.2667787049424619,0.2973638589960005,0.31903325080808137,0.2631578947368421,0.15384615384615385,4.88,0.58,22.5,True
resnet50,3,A,0.0009883219675771882,1.5685341954231262,0.290625,4.34,1.477457399899817,0.420032310177706,0.26822501443431673,0.2986560545433748,0.22448449676562898,0.2986560545433748,0.3914312396927818,0.36923076923076925,0.03488372093023256,4.9,0.56,27.6,False
resnet50,4,B,0.0001,1.5495093729760911,0.38298611111111114,6.3,1.4637455969134132,0.43295638126009695,0.2882321391274894,0.304729595691464,0.2707774351287082,0.304729595691464,0.3778165041470122,0.32786885245901637,0.1256544502617801,6.86,0.56,34.6,False
resnet50,5,B,9.963908926785367e-05,1.4766564978493584,0.3967013888888889,6.37,1.3918306334530979,0.4087237479806139,0.3667462045611701,0.36285360368880626,0.47923456855217106,0.36285360368880626,0.38765910958398553,0.36666666666666664,0.3756906077348066,6.89,0.52,41.6,True
resnet50,6,B,9.856161996258959e-05,1.310406666331821,0.42378472222222224,6.19,1.2310445274983162,0.4620355411954766,0.3730049882587016,0.4284934259363603,0.521896337989869,0.4284934259363603,0.3865138634693908,0.46846846846846846,0.3188405797101449,6.75,0.56,48.5,True
resnet50,7,B,9.678330401292806e-05,1.1655025548405118,0.4748263888888889,6.17,1.202511280341757,0.4466882067851373,0.4522258266382916,0.4872848908816715,0.6186534510370864,0.4872848908816715,0.4351700468824319,0.5652173913043478,0.5300546448087432,6.73,0.55,55.4,True
resnet50,8,B,9.43300732698339e-05,1.0443574607372283,0.5147569444444444,6.24,1.1092801655436564,0.5137318255250404,0.48710370681385173,0.5341609025432749,0.645379677386547,0.5341609025432749,0.46737415352313694,0.5904761904761905,0.5641025641025641,6.8,0.56,62.4,True
resnet50,9,B,9.1237701361736e-05,0.954618591732449,0.5496527777777778,6.25,1.0349939591665067,0.5379644588045234,0.5479552734645335,0.5578767687845403,0.6948770678615457,0.5578767687845403,0.5438291559636506,0.7012987012987013,0.6626865671641791,6.82,0.57,69.4,True
resnet50,10,B,8.755128203446951e-05,0.9163310653633542,0.5529513888888888,6.21,0.9969206053240041,0.5710823909531503,0.5503732431934688,0.5790850719218578,0.6954133729257375,0.5790850719218578,0.5477679846373029,0.7560975609756098,0.6948640483383686,6.75,0.54,76.3,True
resnet50,11,B,8.332457158291937e-05,0.8779939088556502,0.5703125,6.2,0.9830689892437616,0.5783521809369951,0.5760075874624689,0.5929972467418041,0.712991786329418,0.5929972467418041,0.5713861775081414,0.7848101265822784,0.7384615384615385,6.77,0.57,83.3,True
resnet50,12,B,7.861920496319223e-05,0.8493116491370731,0.5803819444444445,6.15,0.9706867238527739,0.5395799676898223,0.600609518654701,0.602207243158556,0.7279053254899247,0.602207243158556,0.6227845428317123,0.8717948717948718,0.7167235494880546,6.72,0.57,90.1,True
resnet50,13,B,7.350379701616654e-05,0.8125748886002435,0.5961805555555556,6.23,0.9583595223448003,0.5726978998384491,0.6045096824763507,0.6225549025100416,0.7343268961338074,0.6225549025100416,0.6085770317609533,0.8333333333333334,0.7548387096774194,6.76,0.53,97.1,True
resnet50,14,B,6.80529419086055e-05,0.7988596654600567,0.6010416666666667,6.21,0.9224409276863292,0.5936995153473344,0.6179844612546952,0.6402657007499335,0.7588987837469029,0.6402657007499335,0.6156325796882074,0.8536585365853658,0.7613293051359517,6.75,0.54,104.0,True
resnet50,15,B,6.234612538223413e-05,0.7686845541000367,0.6138888888888889,6.31,0.9243730633897235,0.5880452342487884,0.6282452469417045,0.6544595590010552,0.7560226797718808,0.6544595590010552,0.617029871311745,0.8604651162790697,0.7586206896551724,6.85,0.54,111.0,True
resnet50,16,B,5.646656567263848e-05,0.7594982782999674,0.6090277777777777,6.27,0.9225671810845759,0.5969305331179321,0.6142712021092902,0.6332136104375186,0.7577189174718273,0.6332136104375186,0.6135789353049115,0.8461538461538461,0.7652173913043478,6.8,0.53,118.0,False
resnet50,17,B,5.049999999999999e-05,0.7393737037976583,0.628125,6.28,0.9124049547704626,0.5912762520193862,0.644824914160697,0.6420659181155288,0.7675246295629011,0.6420659181155288,0.6665058122091785,0.8888888888888888,0.8099688473520249,6.81,0.53,124.9,True
resnet50,18,B,4.4533434327361506e-05,0.7446519858307309,0.6225694444444444,6.3,0.8952161543588839,0.6025848142164781,0.6261932990985569,0.6326215961273357,0.7561480492268604,0.6326215961273357,0.6328372190611379,0.8571428571428571,0.7823343848580442,6.81,0.51,131.8,False
resnet50,19,B,3.86538746177659e-05,0.7120077752404743,0.6366319444444445,6.31,0.9041151566151078,0.6001615508885298,0.6364553622798743,0.6558931117606405,0.7712745279843956,0.6558931117606405,0.6318239941805158,0.8607594936708861,0.7638483965014577,6.84,0.53,138.7,False
resnet50,20,B,3.294705809139449e-05,0.7132295459508896,0.6340277777777777,6.1,0.8848689146014909,0.6203554119547657,0.6492062207694418,0.6642098455873361,0.7717886351986205,0.6642098455873361,0.6447933190544379,0.8571428571428571,0.7732558139534884,6.6,0.5,145.4,True
resnet50,21,B,2.7496202983833456e-05,0.693736105826166,0.6461805555555555,6.05,0.9009786398663082,0.598546042003231,0.6390246140047269,0.6648308176491315,0.7782118169345184,0.6648308176491315,0.6340245177150531,0.8641975308641975,0.7630057803468208,6.57,0.52,152.1,False
resnet50,22,B,2.2380795036807794e-05,0.6932112077871958,0.6465277777777778,6.02,0.893399860944617,0.6033925686591276,0.6438557067215709,0.6625643426276755,0.7713649476891705,0.6625643426276755,0.6438358232242886,0.8717948717948718,0.7705882352941177,6.53,0.51,158.8,False
resnet50,23,B,1.767542841708065e-05,0.6812597771485647,0.6425347222222222,5.99,0.8897624517007098,0.6042003231017771,0.6432817218478954,0.6624323611116064,0.7688004041775451,0.6624323611116064,0.6408421991087295,0.8641975308641975,0.78419452887538,6.49,0.5,165.3,False
resnet50,24,B,1.3448717965530492e-05,0.6901776625050439,0.6479166666666667,6.03,0.885883437629085,0.6147011308562197,0.6578441752418962,0.6742058482129731,0.7703162458521224,0.6742058482129731,0.6549112829802561,0.8974358974358975,0.7833827893175074,6.51,0.47,171.9,True
resnet50,25,B,9.762298638264013e-06,0.6847796867291133,0.6461805555555555,6.07,0.8955979782949549,0.6138933764135702,0.6556651032773704,0.6764340268602045,0.7710738869544803,0.6764340268602045,0.6506293389813667,0.8860759493670886,0.783625730994152,6.58,0.51,178.7,False
resnet50,26,B,6.6699267301661265e-06,0.6827468613783518,0.6467013888888888,5.96,0.8879905638671654,0.6179321486268174,0.6594805020935207,0.6753293684274024,0.7749133822605567,0.6753293684274024,0.6585275047098318,0.8831168831168831,0.7787610619469026,6.46,0.5,185.2,True
resnet50,27,B,4.216695987071972e-06,0.668951400121053,0.6477430555555556,5.99,0.8880820745701551,0.6122778675282714,0.6498788025559509,0.6668819674493246,0.7712153622872999,0.6668819674493246,0.6500741850004046,0.875,0.7865853658536586,6.48,0.49,191.8,False
resnet50,28,B,2.438380037410426e-06,0.6863265027602513,0.6428819444444445,5.97,0.8871172701455472,0.6090468497576736,0.6523389420678022,0.6715678695755224,0.7725642098769848,0.6715678695755224,0.6500301330778434,0.875,0.7854984894259819,6.45,0.48,198.3,False
resnet50,29,B,1.3609107321463285e-06,0.6793068054649565,0.6489583333333333,5.97,0.8876711308041374,0.6147011308562197,0.6547656155739919,0.6718622604992839,0.7767673964469445,0.6718622604992839,0.6580497783607935,0.8860759493670886,0.7878787878787878,6.48,0.51,204.9,False
resnet50,30,B,1e-06,0.6661080516046948,0.6526041666666667,5.95,0.8878436745753774,0.6147011308562197,0.6624545252307575,0.67815636047065,0.7767428115350516,0.67815636047065,0.6625607867374018,0.9090909090909091,0.7928994082840237,6.47,0.52,211.4,True
densenet121,1,A,0.001,1.6310330828030903,0.20607638888888888,9.65,1.6308972735397265,0.21809369951534732,0.19206123459715635,0.23192930066264283,0.060990294518756816,0.23192930066264283,0.22767979057213533,0.06862745098039216,0.16393442622950818,15.93,6.28,15.9,True
densenet121,2,A,0.0009970719095986026,1.5410105692015754,0.28888888888888886,3.37,1.4260389731658294,0.364297253634895,0.2586896740034112,0.3654370426754646,0.3876392006663556,0.3654370426754646,0.30855612335446453,0.22857142857142856,0.2191780821917808,3.94,0.57,20.0,True
densenet121,3,A,0.0009883219675771882,1.446675709883372,0.34097222222222223,3.13,1.356230837077817,0.3408723747980614,0.32519884161396206,0.33627025595623034,0.44106716327713047,0.33627025595623034,0.37031216751526913,0.38095238095238093,0.21818181818181817,3.72,0.58,23.8,True
densenet121,4,B,0.0001,1.3836846523814732,0.35694444444444445,7.97,1.3173938789352269,0.3925686591276252,0.3828434480121329,0.39107472671135424,0.5128408829359923,0.39107472671135424,0.396532719663761,0.4444444444444444,0.3623693379790941,8.51,0.54,32.4,True
densenet121,5,B,9.963908926785367e-05,1.1538129025035435,0.46024305555555556,7.74,1.0428940340852506,0.5153473344103393,0.5565043726892198,0.5718154734555314,0.6944669771410978,0.5718154734555314,0.5783158579425823,0.7857142857142857,0.6524822695035462,8.28,0.54,40.8,True
densenet121,6,B,9.856161996258959e-05,0.8778999454445309,0.5710069444444444,7.71,0.9230938433445328,0.5920840064620355,0.6216614818154739,0.6292293906108394,0.7622982372522707,0.6292293906108394,0.6277484718117676,0.8205128205128205,0.7515923566878981,8.31,0.59,49.2,True
densenet121,7,B,9.678330401292806e-05,0.7860509736670388,0.6090277777777777,7.76,0.8592265963746966,0.617124394184168,0.6610062840877463,0.6609386353534658,0.7824420513836013,0.6609386353534658,0.6639327671553272,0.918918918918919,0.7725856697819314,8.3,0.54,57.6,True
densenet121,8,B,9.43300732698339e-05,0.7392472085025575,0.6366319444444445,7.78,0.9177802997326813,0.5993537964458805,0.6114459991037149,0.6095661816825559,0.7550493541730445,0.6095661816825559,0.6547910044461334,0.875,0.689922480620155,8.32,0.54,66.1,False
densenet121,9,B,9.1237701361736e-05,0.6845592793491152,0.6512152777777778,7.67,0.8311256657629869,0.6252019386106623,0.6581928177563747,0.6962492371768002,0.8022937067221428,0.6962492371768002,0.6467196083599471,0.8674698795180723,0.7593582887700535,8.24,0.57,74.4,False
densenet121,10,B,8.755128203446951e-05,0.6396561241812176,0.6699652777777778,7.8,0.805771593780818,0.6437802907915994,0.6651835252120545,0.6960205658173727,0.8121368056374133,0.6960205658173727,0.6458017270330423,0.8571428571428571,0.7657142857142857,8.39,0.59,82.8,True
densenet121,11,B,8.332457158291937e-05,0.61658722559611,0.6875,7.76,0.8054672635261192,0.6421647819063004,0.6667431842479281,0.6953288484836182,0.8116892700987894,0.6953288484836182,0.6580195162210616,0.8809523809523809,0.7588235294117647,8.3,0.54,91.2,True
densenet121,12,B,7.861920496319223e-05,0.5882602949937185,0.7079861111111111,7.64,0.7863923754416683,0.6655896607431341,0.6932163192151684,0.6933830599089867,0.8136323212792085,0.6933830599089867,0.6970087287319029,0.9066666666666666,0.8037974683544303,8.22,0.58,99.5,True
densenet121,13,B,7.350379701616654e-05,0.5625746601157718,0.715625,7.74,0.8070905077510389,0.6591276252019386,0.6786516747982586,0.6927079754563592,0.8175226178416835,0.6927079754563592,0.6781005637969091,0.875,0.8123076923076923,8.31,0.56,107.9,False
densenet121,14,B,6.80529419086055e-05,0.5298531386587355,0.7284722222222222,7.74,0.8561773292226822,0.6381260096930533,0.6607237345208475,0.6820701961182236,0.8087184770284711,0.6820701961182236,0.6557323791183781,0.8974358974358975,0.7555555555555555,8.35,0.6,116.3,False
densenet121,15,B,6.234612538223413e-05,0.4897836681869295,0.7553819444444444,7.82,0.8424315488925851,0.6437802907915994,0.6696684489654382,0.6902216888178097,0.807621206812325,0.6902216888178097,0.6600890910122587,0.8536585365853658,0.7613293051359517,8.41,0.59,124.8,False
densenet121,16,B,5.646656567263848e-05,0.47477515538533527,0.7631944444444444,7.82,0.882826921669992,0.6260096930533118,0.6626929309884405,0.6946469486527541,0.8113521638350325,0.6946469486527541,0.655704169505115,0.8641975308641975,0.7506849315068493,8.37,0.55,133.2,False
densenet121,17,B,5.049999999999999e-05,0.44339626448021996,0.7779513888888889,7.81,0.8420625346831628,0.6413570274636511,0.6767679988703186,0.689701277707611,0.8006724815447224,0.689701277707611,0.6727487097910272,0.9090909090909091,0.7941176470588235,8.4,0.59,141.7,False
efficientnet_b0,1,A,0.001,3.438537163204617,0.20711805555555557,10.57,3.5396265806404568,0.1777059773828756,0.15758214309242,0.1916160361535741,0.03778701590031863,0.1916160361535741,0.1873561052673603,0.0625,0.16129032258064516,18.26,7.69,18.3,True
efficientnet_b0,2,A,0.0009970719095986026,3.0489008294211493,0.21163194444444444,3.11,2.8041700561905523,0.22536348949919224,0.19935888637853222,0.22798144190544245,0.09235353617957132,0.22798144190544245,0.20755318845093726,0.12413793103448276,0.1377245508982036,3.54,0.43,21.9,True
efficientnet_b0,3,A,0.0009883219675771882,2.709725546836853,0.22864583333333333,3.09,2.4818621398173937,0.27463651050080773,0.2313056854225867,0.2581083628015941,0.19745204977522224,0.2581083628015941,0.23141384784788926,0.16783216783216784,0.152317880794702,3.54,0.45,25.5,True
efficientnet_b0,4,B,0.0001,2.5021796531147427,0.25416666666666665,7.91,2.365827045841248,0.2835218093699515,0.24959627465111237,0.29424014729595943,0.24201698549970685,0.29424014729595943,0.24447677119145278,0.24324324324324326,0.16615384615384615,8.36,0.45,33.9,True
efficientnet_b0,5,B,9.963908926785367e-05,1.9873264975017972,0.3104166666666667,4.45,1.8240429465335481,0.3998384491114701,0.3875540049943192,0.4209082531803207,0.5236245303244799,0.4209082531803207,0.3893925696508972,0.4883720930232558,0.41,4.87,0.42,38.8,True
efficientnet_b0,6,B,9.856161996258959e-05,1.4748732487360636,0.4184027777777778,4.48,1.6182973452261462,0.4878836833602585,0.4829473489337152,0.4947639278580036,0.6122818153387274,0.4947639278580036,0.48668015721806424,0.6578947368421053,0.5481049562682215,4.93,0.45,43.8,True
efficientnet_b0,7,B,9.678330401292806e-05,1.2151060627566443,0.47638888888888886,4.46,1.3572999412293196,0.5331179321486268,0.5327139751469444,0.5465875113559504,0.6450119563609193,0.5465875113559504,0.531764575104268,0.7297297297297297,0.5891891891891892,4.87,0.41,48.7,True
efficientnet_b0,8,B,9.43300732698339e-05,1.019866689046224,0.5265625,4.47,1.3178094371262583,0.48546042003231016,0.5240994976840321,0.5455506975654753,0.6731318273713449,0.5455506975654753,0.5237945150101894,0.7073170731707317,0.6204819277108434,4.93,0.46,53.7,False
efficientnet_b0,9,B,9.1237701361736e-05,0.9122654093636406,0.565625,4.48,1.1795543387941474,0.5500807754442649,0.5833779358001575,0.6055968508679948,0.7006188312173518,0.6055968508679948,0.5676428868353061,0.8292682926829268,0.6588235294117647,4.89,0.42,58.7,True
efficientnet_b0,10,B,8.755128203446951e-05,0.8370074086719089,0.5861111111111111,4.41,1.1348328250482895,0.5654281098546042,0.576358769492327,0.6153910844661603,0.7036364164181426,0.6153910844661603,0.5529147147900021,0.8275862068965517,0.6330532212885154,4.82,0.4,63.5,False
efficientnet_b0,11,B,8.332457158291937e-05,0.7632200496064292,0.6126736111111111,4.47,1.153721042615339,0.5444264943457189,0.5813730346431053,0.5987383247786995,0.7247428135487827,0.5987383247786995,0.5858889744983523,0.8717948717948718,0.6646884272997032,4.89,0.42,68.4,False
efficientnet_b0,12,B,7.861920496319223e-05,0.7062487009498808,0.6395833333333333,4.46,1.1106503545178736,0.5864297253634895,0.5925295463852149,0.6087601277547181,0.7190722557203839,0.6087601277547181,0.5863460022192153,0.8292682926829268,0.6410256410256411,4.9,0.44,73.4,True
efficientnet_b0,13,B,7.350379701616654e-05,0.6755786869261,0.6583333333333333,4.45,1.1556879532356448,0.567043618739903,0.5859037859680052,0.6231493116372387,0.7251585950591768,0.6231493116372387,0.5869863978773383,0.8372093023255814,0.6646884272997032,4.85,0.4,78.3,False
efficientnet_b0,14,B,6.80529419086055e-05,0.6245499259895748,0.6819444444444445,4.5,1.0890069983309807,0.5718901453957996,0.5960716043956216,0.6304080602774361,0.7365060677612432,0.6304080602774361,0.5789569740454305,0.8470588235294118,0.6985915492957746,4.91,0.41,83.2,True
efficientnet_b0,15,B,6.234612538223413e-05,0.5702852374977536,0.7055555555555556,4.46,1.0761477382964966,0.5799676898222941,0.6141626373465187,0.6377848445522281,0.7455085178669181,0.6377848445522281,0.6054159212900261,0.8571428571428571,0.7018633540372671,4.85,0.39,88.1,True
efficientnet_b0,16,B,5.646656567263848e-05,0.5377723379267587,0.7210069444444445,4.54,1.1058049899118205,0.5872374798061389,0.6135121154496175,0.6438259266613932,0.7542259242483655,0.6438259266613932,0.5961336919093945,0.8470588235294118,0.6976744186046512,4.95,0.41,93.1,False
efficientnet_b0,17,B,5.049999999999999e-05,0.49587761527962154,0.7475694444444444,4.42,1.0358838975333242,0.6042003231017771,0.6366668950607286,0.6461694128800607,0.7567126770414567,0.6461694128800607,0.632535921405448,0.9113924050632911,0.7388535031847133,4.85,0.43,98.0,True
efficientnet_b0,18,B,4.4533434327361506e-05,0.48175023628605734,0.7487847222222223,4.51,1.1375859870856722,0.5751211631663974,0.6348257967122247,0.6487074373748077,0.7581411753409695,0.6487074373748077,0.6428202127129242,0.9230769230769231,0.7492260061919505,4.9,0.39,103.0,False
efficientnet_b0,19,B,3.86538746177659e-05,0.4408466620577706,0.7696180555555555,4.69,1.031194730461703,0.6235864297253635,0.6403244992581251,0.6642568529941535,0.7713131984760482,0.6642568529941535,0.6235256919145924,0.8780487804878049,0.711764705882353,5.11,0.42,108.1,True
efficientnet_b0,20,B,3.294705809139449e-05,0.4234113512767686,0.7847222222222222,4.47,1.0852238609062836,0.6082390953150242,0.6351016110451715,0.6577661694682411,0.7574023959050338,0.6577661694682411,0.6189476551612839,0.8888888888888888,0.7113702623906706,4.89,0.42,113.1,False
efficientnet_b0,21,B,2.7496202983833456e-05,0.3986063587996695,0.7975694444444444,4.45,1.0813583560251843,0.5977382875605816,0.6297551988203812,0.6544470792696153,0.7773135220042902,0.6544470792696153,0.6154476016710574,0.8470588235294118,0.7160493827160493,4.88,0.42,118.0,False
efficientnet_b0,22,B,2.2380795036807794e-05,0.38535667955875397,0.80625,4.37,1.0770034472276013,0.6090468497576736,0.6381958300732817,0.6493724492154364,0.7719819102918505,0.6493724492154364,0.6344142495998601,0.875,0.7515923566878981,4.8,0.43,122.8,False
efficientnet_b0,23,B,1.767542841708065e-05,0.37006991042031184,0.8137152777777777,4.38,1.1166508308520031,0.6001615508885298,0.624022423689437,0.634082941897957,0.7644898930923849,0.634082941897957,0.6225926052688433,0.8717948717948718,0.7306501547987616,4.78,0.4,127.6,False
efficientnet_b0,24,B,1.3448717965530492e-05,0.3656684108906322,0.821875,4.42,1.0972942843768438,0.6042003231017771,0.6385385161825735,0.6492253521729705,0.7704500493761448,0.6492253521729705,0.6340417134521237,0.8860759493670886,0.7460815047021944,4.87,0.45,132.5,False
mobilenet_v2,1,A,0.001,3.695160214106242,0.19322916666666667,9.85,3.6145928352830485,0.16558966074313408,0.14357895122188885,0.20061680719155323,-0.042947070019704325,0.20061680719155323,0.17338348913353888,0.06470588235294118,0.1871345029239766,16.75,6.9,16.7,True
mobilenet_v2,2,A,0.0009970719095986026,2.923806215657128,0.22378472222222223,3.12,2.6906000932314478,0.22294022617124395,0.19221209659357122,0.22359033759746255,0.03230264638208569,0.22359033759746255,0.20190088816741064,0.09361702127659574,0.14484679665738162,3.55,0.42,20.3,True
mobilenet_v2,3,A,0.0009883219675771882,2.5910074247254267,0.24149305555555556,3.04,2.393292742515034,0.2520193861066236,0.20998859078188525,0.23795094202799705,0.09001999386634696,0.23795094202799705,0.2111839157948944,0.11518324607329843,0.1640378548895899,3.45,0.41,23.8,True
mobilenet_v2,4,B,0.0001,2.4664434684647456,0.2592013888888889,5.05,2.2992470961587688,0.2568659127625202,0.2227047988180976,0.2592348877175371,0.11978330170460472,0.2592348877175371,0.22014507109643194,0.16374269005847952,0.1580547112462006,5.46,0.41,29.4,True
mobilenet_v2,5,B,9.963908926785367e-05,2.0307168934080337,0.29704861111111114,3.63,1.8164210822162412,0.33521809369951533,0.29916775776833554,0.3583281071709624,0.3312895078760274,0.3583281071709624,0.300649179789991,0.2716049382716049,0.2775800711743772,4.02,0.39,33.4,True
mobilenet_v2,6,B,9.856161996258959e-05,1.5671492987208897,0.3472222222222222,3.66,1.4490962099759375,0.40387722132471726,0.38575435773417616,0.4268816676192319,0.4992479612649944,0.4268816676192319,0.37023802783244236,0.5208333333333334,0.35543766578249336,4.08,0.42,37.5,True
mobilenet_v2,7,B,9.678330401292806e-05,1.288126822312673,0.4050347222222222,3.65,1.2409014782728403,0.4604200323101777,0.4541288022678553,0.4623818235732736,0.5736966445734156,0.4623818235732736,0.4617357623555229,0.5797101449275363,0.5106382978723404,4.06,0.41,41.7,True
mobilenet_v2,8,B,9.43300732698339e-05,1.1194943613476223,0.4666666666666667,3.57,1.2030958974303645,0.4806138933764136,0.4962809915313831,0.5298170775423712,0.624819613648752,0.5298170775423712,0.49780588912847773,0.7032967032967034,0.5780730897009967,3.96,0.39,45.7,True
mobilenet_v2,9,B,9.1237701361736e-05,1.0132791181405385,0.5085069444444444,3.58,1.121094204978912,0.49515347334410337,0.5244866914120745,0.5610972968434375,0.6688453471938287,0.5610972968434375,0.5102381335876323,0.7380952380952381,0.6,4.0,0.41,49.7,True
mobilenet_v2,10,B,8.755128203446951e-05,0.9604060040579901,0.5144097222222223,3.58,1.0687896403241812,0.524232633279483,0.5297148188258475,0.5734051078529242,0.6920990767513933,0.5734051078529242,0.5155906769198249,0.7692307692307693,0.6268656716417911,3.96,0.39,53.7,True
mobilenet_v2,11,B,8.332457158291937e-05,0.9136025905609131,0.5463541666666667,3.54,1.04324773839872,0.5234248788368336,0.5567870412640173,0.5935272678761266,0.7015457577808862,0.5935272678761266,0.544976668365177,0.7954545454545454,0.6566265060240963,3.92,0.38,57.7,True
mobilenet_v2,12,B,7.861920496319223e-05,0.8574197418159909,0.5666666666666667,3.63,1.0104725935732606,0.5460420032310178,0.5771942353084514,0.5809813987555115,0.6986639136450401,0.5809813987555115,0.587200489629575,0.8493150684931506,0.6846846846846847,4.02,0.39,61.7,True
mobilenet_v2,13,B,7.350379701616654e-05,0.8584454814592998,0.571875,3.64,1.0265571807717275,0.5565428109854604,0.5859393893371367,0.620674621116632,0.7229446085394708,0.620674621116632,0.5867295532459051,0.8536585365853658,0.7075208913649025,4.03,0.39,65.8,True
mobilenet_v2,14,B,6.80529419086055e-05,0.7900941951407326,0.6048611111111111,3.53,0.9826407452295978,0.5767366720516963,0.5871485923225725,0.6224750423866403,0.7339072559531828,0.6224750423866403,0.568327790599872,0.8,0.6833333333333333,3.93,0.4,69.8,True
mobilenet_v2,15,B,6.234612538223413e-05,0.7635048790110482,0.6149305555555555,3.66,0.979758911833817,0.561389337641357,0.5893999952833159,0.6150944452738886,0.7311051909692661,0.6150944452738886,0.5857115217435146,0.8571428571428571,0.7098765432098766,4.06,0.39,73.9,True
mobilenet_v2,16,B,5.646656567263848e-05,0.7411462366580963,0.6166666666666667,3.58,0.980033497288462,0.568659127625202,0.6030954147366961,0.6312278028164029,0.7374001407537718,0.6312278028164029,0.5926247465912668,0.8641975308641975,0.7191011235955056,3.97,0.4,77.9,True
mobilenet_v2,17,B,5.049999999999999e-05,0.7123457577493456,0.6411458333333333,3.56,0.960183683909199,0.5662358642972536,0.6064590300905465,0.6185844357159834,0.7428725517998063,0.6185844357159834,0.6045455499702006,0.875,0.7070063694267515,3.96,0.4,81.9,True
mobilenet_v2,18,B,4.4533434327361506e-05,0.7186129656102922,0.634375,3.56,0.9652839331422753,0.5888529886914378,0.6159333424438251,0.6395321213331504,0.752303806226203,0.6395321213331504,0.609061361406424,0.8674698795180723,0.7195121951219512,3.96,0.4,85.9,True
mobilenet_v2,19,B,3.86538746177659e-05,0.7031710538599226,0.6369791666666667,3.58,0.9305383674740214,0.6009693053311793,0.6311524631310481,0.6395736749411377,0.7491186182742926,0.6395736749411377,0.6284065487581412,0.8717948717948718,0.7398119122257053,3.98,0.4,89.9,True
mobilenet_v2,20,B,3.294705809139449e-05,0.6882706820964813,0.6545138888888888,3.54,0.9376026252841333,0.5896607431340872,0.6154842556755529,0.6297141225218807,0.7396338358681455,0.6297141225218807,0.60608000017611,0.8607594936708861,0.7212121212121212,3.93,0.39,93.9,False
mobilenet_v2,21,B,2.7496202983833456e-05,0.6754045787784788,0.6598958333333333,3.52,0.9797971183629721,0.5840064620355412,0.6224843444182234,0.6494279628360642,0.7589719557239523,0.6494279628360642,0.6109141830846975,0.8674698795180723,0.7299703264094956,3.93,0.41,97.9,False
mobilenet_v2,22,B,2.2380795036807794e-05,0.659676171011395,0.6657986111111112,3.64,0.9627351356438558,0.5848142164781907,0.6165507391911712,0.6374160711606286,0.7468334765336436,0.6374160711606286,0.6133562679279739,0.8641975308641975,0.7228915662650602,4.03,0.39,101.9,False
mobilenet_v2,23,B,1.767542841708065e-05,0.6618767867485682,0.6567708333333333,3.52,0.9635330715452912,0.5856219709208401,0.6294369764515382,0.6473321121678426,0.7626802996199881,0.6473321121678426,0.6297007439794615,0.8888888888888888,0.7414330218068536,3.92,0.4,105.8,False
mobilenet_v2,24,B,1.3448717965530492e-05,0.6500162793530359,0.6670138888888889,3.61,0.9637567879984182,0.5920840064620355,0.6380081074166504,0.661822799384483,0.7620016800471416,0.661822799384483,0.6290263391290358,0.8888888888888888,0.7337278106508875,3.99,0.38,109.9,True
mobilenet_v2,25,B,9.762298638264013e-06,0.665110954311159,0.6628472222222223,3.61,0.951106537476495,0.5961227786752827,0.6331004404272458,0.6568907256966368,0.759204575594562,0.6568907256966368,0.6244090003278504,0.8888888888888888,0.7368421052631579,4.0,0.39,113.9,False
mobilenet_v2,26,B,6.6699267301661265e-06,0.6485257403718101,0.6722222222222223,3.59,0.947981561953879,0.6017770597738288,0.6439742272585633,0.6650475053641699,0.7644300388628191,0.6650475053641699,0.6351437784508716,0.8888888888888888,0.7507507507507507,3.98,0.39,117.9,True
mobilenet_v2,27,B,4.216695987071972e-06,0.6417269388834635,0.6706597222222223,3.46,0.9433481320136968,0.5977382875605816,0.6349255699178389,0.6537995195021187,0.7559616560168322,0.6537995195021187,0.6258347924304474,0.8780487804878049,0.7453416149068323,3.87,0.4,121.8,False
mobilenet_v2,28,B,2.438380037410426e-06,0.6459149029519823,0.6704861111111111,3.6,0.9515021669652812,0.5993537964458805,0.6390068398152229,0.6617137475971095,0.7632128618936331,0.6617137475971095,0.6295302295640036,0.8780487804878049,0.7515151515151515,4.0,0.4,125.8,False
mobilenet_v2,29,B,1.3609107321463285e-06,0.6423999508221944,0.6725694444444444,3.68,0.9513489757100292,0.6009693053311793,0.6384631899944546,0.6579667666895533,0.7578347630249193,0.6579667666895533,0.6345057346405792,0.8888888888888888,0.7522935779816514,4.1,0.42,130.0,False
mobilenet_v2,30,B,1e-06,0.6408765253093508,0.6715277777777777,3.8,0.9459283395229519,0.5977382875605816,0.6430864932357492,0.6622278075794371,0.7581857982612474,0.6622278075794371,0.6356659985075829,0.9,0.7552870090634441,4.22,0.42,134.2,False
mobilenet_v3_large,1,A,0.001,3.014905990494622,0.1951388888888889,10.52,3.202581744201734,0.17609046849757673,0.16548756088243863,0.18576676517169988,-0.03540382995433178,0.18576676517169988,0.19922890686575237,0.03956043956043956,0.1681159420289855,18.08,7.55,18.1,True
mobilenet_v3_large,2,A,0.0009970719095986026,2.6061260607507495,0.21579861111111112,3.05,2.5978299304241124,0.22859450726978997,0.19697232084644428,0.21766616561708263,0.06493254443710461,0.21766616561708263,0.2205097716260717,0.053691275167785234,0.1651376146788991,3.47,0.42,21.6,True
mobilenet_v3_large,3,A,0.0009883219675771882,2.3225485099686516,0.24184027777777778,3.12,2.3151489359496678,0.25848142164781907,0.21709873942841207,0.2417664270045851,0.15389176567778995,0.2417664270045851,0.2290933374874459,0.08333333333333333,0.16835016835016836,3.55,0.43,25.2,True
mobilenet_v3_large,4,B,0.0001,2.1493701696395875,0.27326388888888886,5.57,2.133509776126202,0.2738287560581583,0.24393686092518693,0.26758016841141263,0.24028680136931146,0.26758016841141263,0.24678895798271844,0.1746031746031746,0.18808777429467086,5.99,0.42,31.3,True
mobilenet_v3_large,5,B,9.963908926785367e-05,1.7902405275238884,0.3229166666666667,3.59,1.6572863269892186,0.33117932148626816,0.34340553156965764,0.3679731177342999,0.5133541064419544,0.3679731177342999,0.35856560411226696,0.4470588235294118,0.3247863247863248,4.03,0.43,35.4,True
mobilenet_v3_large,6,B,9.856161996258959e-05,1.3602981176641253,0.4079861111111111,3.73,1.2674319774923495,0.49434571890145396,0.45517858883992723,0.5137486963479839,0.6212457060701458,0.5137486963479839,0.44459507343269244,0.5245901639344263,0.44525547445255476,4.16,0.43,39.6,True
mobilenet_v3_large,7,B,9.678330401292806e-05,1.139005070262485,0.47118055555555555,4.71,1.1208096281392124,0.529886914378029,0.5414259494772196,0.5451957673134609,0.6594997404448817,0.5451957673134609,0.5577758514917817,0.7654320987654321,0.6,5.22,0.51,44.9,True
mobilenet_v3_large,8,B,9.43300732698339e-05,0.9828753881984287,0.5248263888888889,4.18,1.2378627677148686,0.42487883683360256,0.5178619022821953,0.5423419425965935,0.6367046411675447,0.5423419425965935,0.5898248726488131,0.7848101265822784,0.6551724137931034,4.62,0.44,49.6,False
mobilenet_v3_large,9,B,9.1237701361736e-05,0.902437894211875,0.5579861111111111,3.76,1.0257835374702737,0.5468497576736672,0.5665863568474421,0.6131132573803111,0.7265859676112134,0.6131132573803111,0.5587812334944513,0.7,0.645367412140575,4.17,0.41,53.8,True
mobilenet_v3_large,10,B,8.755128203446951e-05,0.8442046165466308,0.5793402777777777,3.8,1.051831765879722,0.5161550888529887,0.5913155977067746,0.6094831516892475,0.69069362455873,0.6094831516892475,0.6014286396409301,0.868421052631579,0.7100591715976331,4.22,0.42,58.0,True
mobilenet_v3_large,11,B,8.332457158291937e-05,0.7886458201540841,0.5965277777777778,3.78,0.9509380567150856,0.6017770597738288,0.6150206964230138,0.6367381448473941,0.7326174825281834,0.6367381448473941,0.6092202448607716,0.8780487804878049,0.709480122324159,4.2,0.41,62.3,True
mobilenet_v3_large,12,B,7.861920496319223e-05,0.7383735852109061,0.6272569444444445,3.77,0.9496300114568486,0.6066235864297254,0.6464832760567614,0.6579962474605568,0.7310300977931864,0.6579962474605568,0.6372346422040344,0.9090909090909091,0.7439024390243902,4.22,0.45,66.6,True
mobilenet_v3_large,13,B,7.350379701616654e-05,0.7350912716653611,0.6248263888888889,3.7,1.007022165038859,0.5605815831987075,0.6055726665123987,0.6415510080188798,0.7425673388580027,0.6415510080188798,0.6128786231100312,0.9113924050632911,0.6958762886597938,4.14,0.44,70.7,False
mobilenet_v3_large,14,B,6.80529419086055e-05,0.6857833402024375,0.6491319444444444,3.74,0.975967208841313,0.5751211631663974,0.607439977894011,0.6329007933876649,0.748156536119891,0.6329007933876649,0.6065416809708136,0.8372093023255814,0.7318611987381703,4.17,0.43,74.9,False
mobilenet_v3_large,15,B,6.234612538223413e-05,0.636247264345487,0.6737847222222222,3.56,0.9739357292748422,0.5508885298869144,0.6218091922811049,0.6447559470741948,0.757224440786479,0.6447559470741948,0.6264449624072721,0.8571428571428571,0.7531645569620253,3.98,0.42,79.0,False
mobilenet_v3_large,16,B,5.646656567263848e-05,0.6234031995137532,0.6673611111111111,3.72,0.9282394332242513,0.6082390953150242,0.6406315559571908,0.6630670699136196,0.7640813662860284,0.6630670699136196,0.6274879271430996,0.9113924050632911,0.7338935574229691,4.13,0.41,83.1,False
mobilenet_v3_large,17,B,5.049999999999999e-05,0.6040305915806029,0.6809027777777777,3.7,0.9363886625874601,0.5888529886914378,0.6530408307984537,0.6573952400763325,0.7628054921615637,0.6573952400763325,0.6600922397961257,0.9090909090909091,0.782051282051282,4.12,0.42,87.3,True
mobilenet_v3_large,18,B,4.4533434327361506e-05,0.5786708838409848,0.7067708333333333,3.67,0.9691205801312873,0.5888529886914378,0.6287801394966497,0.6426843567917588,0.768942157754569,0.6426843567917588,0.6387135000413923,0.9,0.7711598746081505,4.09,0.41,91.4,False
mobilenet_v3_large,19,B,3.86538746177659e-05,0.5583724306689368,0.7105902777777777,3.68,0.8920213941707364,0.635702746365105,0.6592058687399309,0.6676553994973312,0.7558884619927901,0.6676553994973312,0.6577181570603992,0.8974358974358975,0.8,4.09,0.41,95.5,True
mobilenet_v3_large,20,B,3.294705809139449e-05,0.5443988210625119,0.7133680555555556,3.65,0.9157649070650388,0.6050080775444265,0.6536621381570291,0.6653526516846217,0.7757924924681788,0.6653526516846217,0.6524391969956083,0.8780487804878049,0.7868852459016393,4.06,0.41,99.6,False
mobilenet_v3_large,21,B,2.7496202983833456e-05,0.5328538099924723,0.7237847222222222,3.69,0.9287682885788562,0.6090468497576736,0.6401295962647655,0.6560024627962351,0.7698848066405316,0.6560024627962351,0.6348100942594664,0.8674698795180723,0.7603833865814696,4.11,0.42,103.8,False
mobilenet_v3_large,22,B,2.2380795036807794e-05,0.5180099073383543,0.7401041666666667,3.63,0.9338741740618076,0.5920840064620355,0.6428187452993371,0.6561151345727148,0.7746625271438656,0.6561151345727148,0.6450006430351258,0.8888888888888888,0.7682539682539683,4.05,0.41,107.9,False
mobilenet_v3_large,23,B,1.767542841708065e-05,0.5133204718430837,0.7274305555555556,3.7,0.952716583196489,0.592891760904685,0.6408007004371219,0.6542639914773443,0.7702935522156162,0.6542639914773443,0.6466886958532058,0.8780487804878049,0.7702265372168284,4.11,0.42,112.0,False
mobilenet_v3_large,24,B,1.3448717965530492e-05,0.5217781434456508,0.7369791666666666,3.63,0.9224651899784563,0.6163166397415186,0.655287555113308,0.6703894805372572,0.7752249138085405,0.6703894805372572,0.6494447211964478,0.9230769230769231,0.7588235294117647,4.03,0.41,116.1,False
efficientnet_b1,1,A,0.001,4.555142336421543,0.27274305555555556,9.76,3.921009668433416,0.23263327948303716,0.15776493877258757,0.18641524396373316,-0.012968609117315788,0.18641524396373316,0.18420831653264905,0.028169014084507043,0.09900990099009901,16.15,6.39,16.2,True
efficientnet_b1,2,A,0.0009970719095986026,3.390445974138048,0.22170138888888888,3.05,3.1176261905707143,0.21890145395799676,0.1822316001251488,0.20223575660968454,0.03406427003218204,0.20223575660968454,0.19231199539443686,0.07792207792207792,0.09364548494983277,3.51,0.45,19.7,True
efficientnet_b1,3,A,0.0009883219675771882,2.9455939451853435,0.23836805555555557,3.08,2.8039916081651923,0.2382875605815832,0.19567256690068768,0.21308729568526377,0.08705776277992883,0.21308729568526377,0.2007340111901721,0.1037037037037037,0.0959409594095941,3.53,0.45,23.4,True
efficientnet_b1,4,B,0.0001,2.5578523702091642,0.2552083333333333,6.49,2.28404907340572,0.29159935379644586,0.24813105230592156,0.2614153497396669,0.3033272252903657,0.2614153497396669,0.2518510245156382,0.11023622047244094,0.2654320987654321,6.93,0.45,30.4,True
efficientnet_b1,5,B,9.963908926785367e-05,1.6991218904654184,0.3729166666666667,6.17,1.9477305092603594,0.5064620355411955,0.4404583182482595,0.5129519081425665,0.5603907009040721,0.5129519081425665,0.5095500360223991,0.7191011235955056,0.6,6.63,0.45,37.1,True
efficientnet_b1,6,B,9.856161996258959e-05,1.0283830894364252,0.5168402777777777,6.25,1.4790892729081322,0.36348949919224555,0.46564142464336056,0.5608138775232059,0.6654052057784177,0.5608138775232059,0.6939497263247132,0.8461538461538461,0.7634069400630915,6.73,0.48,43.9,True
efficientnet_b1,7,B,9.678330401292806e-05,0.8274586906035741,0.59375,6.21,1.2249455347007234,0.41518578352180935,0.5076139355853517,0.5796472929960197,0.6733720291618657,0.5796472929960197,0.6623548677852255,0.8115942028985508,0.7411444141689373,6.66,0.44,50.7,True
efficientnet_b1,8,B,9.43300732698339e-05,0.776748526096344,0.6005208333333333,6.63,0.9440982188421613,0.6195476575121163,0.5940605619458844,0.6105428149101456,0.7244859905164445,0.6105428149101456,0.6425939166140084,0.8780487804878049,0.7022900763358778,7.23,0.6,58.0,True
efficientnet_b1,9,B,9.1237701361736e-05,0.7135137640767627,0.6456597222222222,7.37,0.9027829257852619,0.648626817447496,0.6088762213387912,0.6418444805831005,0.7454974812967696,0.6418444805831005,0.5969280500863765,0.8767123287671232,0.7811447811447811,7.94,0.57,66.0,True
efficientnet_b1,10,B,8.755128203446951e-05,0.6634866151544783,0.6517361111111111,7.36,1.1141560649881455,0.6042003231017771,0.5492424939600486,0.627854063076388,0.7289483821037979,0.627854063076388,0.5503202043213348,0.9024390243902439,0.6987341772151898,7.91,0.54,74.0,False
efficientnet_b1,11,B,8.332457158291937e-05,0.6647272629870309,0.6602430555555555,7.38,1.0940641208772994,0.4878836833602585,0.5690206884717746,0.6394900654868989,0.7620119261448911,0.6394900654868989,0.6796899613143279,0.7912087912087912,0.7612903225806451,7.95,0.56,82.0,False
efficientnet_b1,12,B,7.861920496319223e-05,0.6108772652016745,0.6876736111111111,7.3,0.8660997736338459,0.6518578352180937,0.6448231558445557,0.6852171004697724,0.7586266501964823,0.6852171004697724,0.6515107909796132,0.8470588235294118,0.7962962962962963,7.87,0.57,89.9,True
efficientnet_b1,13,B,7.350379701616654e-05,0.5807331654760572,0.6989583333333333,7.32,0.877216691972751,0.6736672051696284,0.6523885666869973,0.6859418302854113,0.7843957748189765,0.6859418302854113,0.6646949074806889,0.8888888888888888,0.7914110429447853,7.87,0.55,97.9,True
efficientnet_b1,14,B,6.80529419086055e-05,0.5411910613377889,0.7196180555555556,7.29,0.8433271205483037,0.6760904684975767,0.6628623520690844,0.6869885299902453,0.793897017059365,0.6869885299902453,0.6646078603431544,0.8780487804878049,0.7899686520376176,7.87,0.57,105.9,True
efficientnet_b1,15,B,6.234612538223413e-05,0.47871957239177493,0.7541666666666667,7.31,0.9586668887893295,0.6122778675282714,0.6472940030710281,0.6690327381460776,0.763354413551316,0.6690327381460776,0.6316495755278664,0.8780487804878049,0.7912772585669782,7.87,0.56,113.9,False
efficientnet_b1,16,B,5.646656567263848e-05,0.43231790959835054,0.7710069444444444,7.27,1.1167492912254735,0.6082390953150242,0.6519247996905636,0.6895647012351063,0.7932054434971977,0.6895647012351063,0.6422178019342428,0.8780487804878049,0.723404255319149,7.83,0.56,121.7,False
efficientnet_b1,17,B,5.049999999999999e-05,0.3995122439331479,0.7996527777777778,7.33,0.9711440144428721,0.622778675282714,0.6752685782565608,0.6759332084454133,0.769428494115374,0.6759332084454133,0.6782639736187632,0.918918918918919,0.7949526813880127,7.9,0.57,129.7,True
efficientnet_b1,18,B,4.4533434327361506e-05,0.33721885532140733,0.8270833333333333,7.33,1.1358330338374865,0.6405492730210016,0.6765967034809143,0.6709688973285755,0.7856854278178078,0.6709688973285755,0.6828616801021982,0.9041095890410958,0.7831715210355987,7.89,0.56,137.7,True
efficientnet_b1,19,B,3.86538746177659e-05,0.32092631028758156,0.8404513888888889,7.36,1.05238720298006,0.6478190630048465,0.6741883033785141,0.6867571213408394,0.7891628071195663,0.6867571213408394,0.6647599488282302,0.8888888888888888,0.7741935483870968,7.93,0.56,145.7,False
efficientnet_b1,20,B,3.294705809139449e-05,0.2666111325224241,0.86875,7.31,1.301891441684162,0.6308562197092084,0.6648153107381974,0.6745837633883551,0.7859192371082253,0.6745837633883551,0.6613718087037501,0.9090909090909091,0.7867867867867868,7.86,0.56,153.6,False
efficientnet_b1,21,B,2.7496202983833456e-05,0.22512661889195443,0.8862847222222222,7.34,1.4041697870163616,0.6252019386106623,0.666233203064156,0.6734317210778487,0.7749014203774944,0.6734317210778487,0.6680789282371016,0.8974358974358975,0.7721518987341772,7.91,0.56,161.6,False
efficientnet_b1,22,B,2.2380795036807794e-05,0.2055285586251153,0.8979166666666667,7.43,1.4463612845525602,0.6268174474959612,0.670208174910792,0.6898632934376436,0.7874978133437386,0.6898632934376436,0.6587264113445176,0.8888888888888888,0.78419452887538,8.03,0.6,169.7,False
efficientnet_b1,23,B,1.767542841708065e-05,0.1653540542970101,0.9211805555555556,7.1,1.5620794200935733,0.6405492730210016,0.6776209614360325,0.6866337956626912,0.7901197855836677,0.6866337956626912,0.6756707519280405,0.9230769230769231,0.7987616099071208,7.55,0.45,177.3,True
efficientnet_b1,24,B,1.3448717965530492e-05,0.1509315733280447,0.9342013888888889,6.34,1.6419482307692144,0.6122778675282714,0.6511114025264251,0.6688274475489147,0.7827067865576764,0.6688274475489147,0.6460873336413879,0.8888888888888888,0.7734138972809668,6.8,0.46,184.2,False
efficientnet_b1,25,B,9.762298638264013e-06,0.1366222978466087,0.9307291666666667,6.24,1.695668636645177,0.6365105008077544,0.6656510235703454,0.6767531169008937,0.7826153037451993,0.6767531169008937,0.6671357281850904,0.9230769230769231,0.7865853658536586,6.68,0.44,190.9,False
efficientnet_b1,26,B,6.6699267301661265e-06,0.1161044105887413,0.940625,6.24,1.629913261422048,0.6340872374798061,0.669853897983262,0.6827014756187471,0.7839850188432287,0.6827014756187471,0.6633448955328837,0.9113924050632911,0.7804878048780488,6.7,0.46,197.6,False
efficientnet_b1,27,B,4.216695987071972e-06,0.09878381906698147,0.9517361111111111,6.31,1.6781406851307834,0.624394184168013,0.6616961899254938,0.673589148002659,0.7775274024561271,0.673589148002659,0.6554933722368632,0.9113924050632911,0.7938461538461539,6.8,0.48,204.5,False
efficientnet_b1,28,B,2.438380037410426e-06,0.10100474808779028,0.9513888888888888,6.34,1.7294862460050135,0.6276252019386107,0.6594095392426345,0.6692267269691732,0.7743458787364281,0.6692267269691732,0.6554447802797195,0.8974358974358975,0.7852760736196319,6.79,0.44,211.3,False
inception_v3,1,A,0.001,2.1433952503734166,0.19826388888888888,9.86,2.0957042466072737,0.210016155088853,0.18179920940051897,0.20328188824164545,-0.0045172980320074,0.20328188824164545,0.19900371730945485,0.05536332179930796,0.12084592145015106,16.24,6.38,16.2,True
inception_v3,2,A,0.0009970719095986026,1.9412134329477946,0.23020833333333332,3.15,1.9242965135127548,0.2382875605815832,0.1938363328582044,0.27359386481962017,0.1329689165230118,0.27359386481962017,0.21196057555519454,0.13029315960912052,0.12666666666666668,3.59,0.44,20.0,True
inception_v3,3,A,0.0009883219675771882,1.822100367810991,0.25590277777777776,3.11,1.850382253696152,0.22132471728594508,0.19989167017084258,0.27617819365411395,0.17529847467368076,0.27617819365411395,0.2279531901719704,0.12140575079872204,0.1457725947521866,3.57,0.46,23.7,True
inception_v3,4,B,0.0001,1.6251059174537659,0.2671875,5.7,1.4636469245534722,0.32390953150242324,0.29340782935731946,0.31358058052608784,0.2931992737898981,0.31358058052608784,0.2971076526911767,0.32608695652173914,0.15555555555555556,6.14,0.44,30.0,True
inception_v3,5,B,9.963908926785367e-05,1.3109073864089118,0.37569444444444444,5.67,1.2488028468723635,0.4458804523424879,0.4641214989816776,0.4698552063375919,0.6019835732318926,0.4698552063375919,0.5782747548207011,0.6865671641791045,0.5776173285198556,6.13,0.46,36.3,True
inception_v3,6,B,9.856161996258959e-05,1.0651114748583899,0.4913194444444444,5.67,0.9649094178044931,0.5751211631663974,0.5951309411953712,0.614319732859118,0.6994657594466593,0.614319732859118,0.5945983732180532,0.8947368421052632,0.7371428571428571,6.11,0.45,42.6,True
inception_v3,7,B,9.678330401292806e-05,0.8967740270826552,0.5565972222222222,5.68,0.9337088070412637,0.5880452342487884,0.5984312348671227,0.6011573551301748,0.7021906404922591,0.6011573551301748,0.6114176595206343,0.88,0.7103448275862069,6.13,0.45,48.9,True
inception_v3,8,B,9.43300732698339e-05,0.8114827609724469,0.5895833333333333,5.64,0.8988252732788419,0.5969305331179321,0.6346283933740073,0.6413230923443353,0.7485702556176723,0.6413230923443353,0.6366730467499313,0.8395061728395061,0.7291666666666666,6.09,0.45,55.2,True
inception_v3,9,B,9.1237701361736e-05,0.752966023153729,0.6222222222222222,5.72,0.930046748664826,0.567043618739903,0.6239611720647275,0.6748513216384968,0.7837747960357082,0.6748513216384968,0.6268481863031646,0.8674698795180723,0.72544080604534,6.14,0.42,61.5,False
inception_v3,10,B,8.755128203446951e-05,0.7183357255326377,0.628125,5.64,0.9150516711211552,0.6195476575121163,0.6390701081428669,0.677031515750344,0.757495385569409,0.677031515750344,0.6158371875310583,0.8536585365853658,0.711340206185567,6.08,0.44,67.6,True
inception_v3,11,B,8.332457158291937e-05,0.6755272246069378,0.6475694444444444,5.69,0.862802538172205,0.6340872374798061,0.6394198404425344,0.6638708243682515,0.7810505889977838,0.6638708243682515,0.6420325301533409,0.8780487804878049,0.7747747747747747,6.14,0.45,74.0,True
inception_v3,12,B,7.861920496319223e-05,0.6345710628562503,0.6661458333333333,5.64,0.8430821405233204,0.6478190630048465,0.6764739572099789,0.6848616229260114,0.7976350786742704,0.6848616229260114,0.6780026198458422,0.8974358974358975,0.79375,6.08,0.43,80.2,True
inception_v3,13,B,7.350379701616654e-05,0.6030774888065126,0.6878472222222223,5.64,0.9034744673957732,0.6453957996768982,0.6567760885257731,0.6694270320078475,0.7875782414864332,0.6694270320078475,0.6611248036842317,0.8974358974358975,0.803680981595092,6.07,0.43,86.4,False
inception_v3,14,B,6.80529419086055e-05,0.5505819565720028,0.7159722222222222,5.65,0.9002895007671273,0.6445880452342488,0.6768138288855632,0.6997959130456822,0.7966519865873976,0.6997959130456822,0.6636691105411143,0.9113924050632911,0.7865168539325843,6.1,0.45,92.6,True
inception_v3,15,B,6.234612538223413e-05,0.5234903501139747,0.7234375,5.63,0.9971379024218858,0.5896607431340872,0.6317807357502215,0.6702690828367039,0.787601113149156,0.6702690828367039,0.6244555104135605,0.8275862068965517,0.7420289855072464,6.1,0.47,98.9,False
inception_v3,16,B,5.646656567263848e-05,0.48489215208424463,0.7486111111111111,5.65,0.9900486997670234,0.6195476575121163,0.662032769081937,0.678111176732367,0.7853660625601793,0.678111176732367,0.653160414567664,0.9210526315789473,0.7718309859154929,6.1,0.44,105.1,False
inception_v3,17,B,5.049999999999999e-05,0.43930644028716614,0.7755208333333333,5.68,0.9912848410968441,0.6017770597738288,0.6603058351262567,0.6694913347981035,0.7839061317400566,0.6694913347981035,0.6704416026134526,0.9066666666666666,0.8095238095238095,6.12,0.44,111.3,False
inception_v3,18,B,4.4533434327361506e-05,0.40838667435778514,0.7880208333333333,5.64,1.155829453314256,0.5783521809369951,0.6517182116457134,0.674923052018975,0.7745438099637466,0.674923052018975,0.6598486005478894,0.9210526315789473,0.7821229050279329,6.09,0.45,117.5,False
inception_v3,19,B,3.86538746177659e-05,0.3703359443280432,0.809375,5.67,0.9996909171776163,0.6462035541195477,0.6872176753010855,0.6947880247378861,0.7848653457211331,0.6947880247378861,0.6823953608236243,0.9066666666666666,0.8203592814371258,6.13,0.46,123.7,True
inception_v3,20,B,3.294705809139449e-05,0.34088556352588867,0.8256944444444444,5.67,1.0520586618169636,0.6478190630048465,0.6742124159288494,0.6842959265825079,0.7825943061700045,0.6842959265825079,0.6691814673641832,0.9090909090909091,0.8036253776435045,6.12,0.45,130.0,False
inception_v3,21,B,2.7496202983833456e-05,0.3114797262681855,0.8380208333333333,5.63,1.114236995698177,0.6203554119547657,0.6701572510018868,0.6809291121944507,0.7812799879121586,0.6809291121944507,0.6646860362863151,0.9090909090909091,0.8096676737160121,6.09,0.46,136.1,False
inception_v3,22,B,2.2380795036807794e-05,0.27456862760914696,0.8630208333333333,5.63,1.1501421292879663,0.6324717285945073,0.6764753827025102,0.6796559381940039,0.7840034763459264,0.6796559381940039,0.6763698931709833,0.918918918918919,0.8121212121212121,6.08,0.45,142.3,False
inception_v3,23,B,1.767542841708065e-05,0.26114962788091767,0.8689236111111112,5.7,1.2628190697491266,0.6235864297253635,0.6644396798434875,0.6815506584803326,0.7814826977717683,0.6815506584803326,0.6534471950127677,0.8860759493670886,0.7952522255192879,6.17,0.46,148.6,False
inception_v3,24,B,1.3448717965530492e-05,0.23239765589435896,0.8819444444444444,5.67,1.3153030564211103,0.6268174474959612,0.6728101781701767,0.6885639091167526,0.7901624478329179,0.6885639091167526,0.6679020025747925,0.8860759493670886,0.7963525835866262,6.12,0.45,154.8,False
xception,1,A,0.001,1.6043104555871752,0.23506944444444444,10.69,1.5475838509823086,0.31421647819063003,0.22195841645878053,0.2248004530983816,0.14318962528678303,0.2248004530983816,0.2200390128633151,0.0,0.24183006535947713,18.74,8.04,18.7,True
xception,2,A,0.0009970719095986026,1.558259697755178,0.28541666666666665,3.11,1.4316905099471282,0.407108239095315,0.1983261178269206,0.3038273465942024,0.2949214062930603,0.3038273465942024,0.3270085407480431,0.2138364779874214,0.0972972972972973,3.68,0.57,22.5,False
xception,3,A,0.0009883219675771882,1.4846236030260722,0.31145833333333334,3.1,1.4155855997313591,0.27948303715670436,0.26002545679849715,0.31583120387052305,0.3091893231712045,0.31583120387052305,0.3705126516485543,0.3595505617977528,0.1111111111111111,3.65,0.55,26.3,True
xception,4,B,0.0001,1.4102112690607707,0.31927083333333334,10.64,1.3251289647307265,0.38287560581583197,0.35374738774309655,0.39180978732370736,0.46830920941629894,0.39180978732370736,0.36789068252801127,0.34710743801652894,0.3137254901960784,11.18,0.54,37.6,True
xception,5,B,9.963908926785367e-05,1.1144704639911651,0.48368055555555556,7.47,1.0464939113002216,0.5,0.5822761035182221,0.5962464210016658,0.7083116510664129,0.5962464210016658,0.62319236169546,0.9090909090909091,0.6928104575163399,8.02,0.55,45.8,True
xception,6,B,9.856161996258959e-05,0.9398080839051141,0.5510416666666667,7.46,0.9403061870611927,0.5815831987075929,0.6039927390734128,0.6274707974259366,0.7335503213285103,0.6274707974259366,0.5952236670503949,0.8571428571428571,0.7267080745341615,8.02,0.56,53.9,True
xception,7,B,9.678330401292806e-05,0.8155812515152825,0.5902777777777778,7.46,0.9112184919140065,0.6017770597738288,0.6323548129572225,0.6349388781767724,0.7483727432078304,0.6349388781767724,0.6402235762293694,0.9166666666666666,0.7857142857142857,8.02,0.57,62.1,True
xception,8,B,9.43300732698339e-05,0.7606773449314965,0.6194444444444445,7.49,0.9774594236171303,0.5840064620355412,0.5920919770787828,0.6068289316870924,0.7371798432098692,0.6068289316870924,0.6155482247297994,0.7954545454545454,0.6590909090909091,8.03,0.55,70.2,False
xception,9,B,9.1237701361736e-05,0.7289250900348028,0.6328125,7.46,0.9499531407059684,0.5718901453957996,0.6280983250958996,0.658489040703053,0.7735205471363996,0.658489040703053,0.6462001268942476,0.918918918918919,0.7409326424870466,8.05,0.58,78.4,False
xception,10,B,8.755128203446951e-05,0.675193856159846,0.6449652777777778,7.49,0.879305456200786,0.6155088852988692,0.6580515864521418,0.6697983449362259,0.7618422477572098,0.6697983449362259,0.6517677124841585,0.918918918918919,0.7887323943661971,8.05,0.55,86.5,True
xception,11,B,8.332457158291937e-05,0.6394878483480877,0.6756944444444445,7.5,0.9401180273063349,0.5969305331179321,0.6300678151026013,0.6484198927515988,0.7747862470438421,0.6484198927515988,0.6370431064650381,0.8674698795180723,0.7781350482315113,8.04,0.55,94.7,False
xception,12,B,7.861920496319223e-05,0.6097307430373298,0.6828125,7.46,0.8987706771093347,0.6284329563812601,0.6537510666331655,0.6574215929553046,0.7705385477137091,0.6574215929553046,0.6570524563360464,0.8947368421052632,0.7823343848580442,8.02,0.56,102.7,False
xception,13,B,7.350379701616654e-05,0.5766341841883129,0.7092013888888888,7.45,0.9341378551885269,0.6195476575121163,0.6639607317441143,0.6641597786999556,0.7711631354532167,0.6641597786999556,0.6811039917909965,0.9459459459459459,0.7974683544303798,8.01,0.56,110.8,True
xception,14,B,6.80529419086055e-05,0.5394764453172683,0.7234375,7.44,0.940717582652565,0.6235864297253635,0.6573899468995299,0.6638067493391415,0.7735126983843499,0.6638067493391415,0.6581272045697839,0.9066666666666666,0.7724550898203593,7.99,0.55,118.9,False
xception,15,B,6.234612538223413e-05,0.4931257370445463,0.7411458333333333,7.41,0.9552293188256092,0.6276252019386107,0.6615326475435976,0.6700953655037307,0.7820686188356553,0.6700953655037307,0.6562690729711889,0.8607594936708861,0.782051282051282,8.01,0.6,127.0,False
xception,16,B,5.646656567263848e-05,0.4722932967874739,0.7557291666666667,7.88,1.039271023238803,0.6082390953150242,0.6572269894415365,0.6779542931093269,0.7874168396915513,0.6779542931093269,0.6542451062297838,0.875,0.7710843373493976,8.5,0.62,135.6,False
xception,17,B,5.049999999999999e-05,0.43430182586113614,0.7786458333333334,7.68,1.0046251044038423,0.6219709208400647,0.672397964860847,0.678821426591581,0.7739048991559256,0.678821426591581,0.6690055781992768,0.9333333333333333,0.78419452887538,8.3,0.62,144.0,True
xception,18,B,4.4533434327361506e-05,0.39963587787416244,0.7954861111111111,7.55,1.0608637412838482,0.6284329563812601,0.679428909502761,0.6707442559283172,0.788940797060098,0.6707442559283172,0.6950145597602805,0.958904109589041,0.8157894736842105,8.16,0.61,152.3,True
xception,19,B,3.86538746177659e-05,0.37638278620110616,0.8097222222222222,7.58,1.055487629718272,0.6276252019386107,0.6757445595671749,0.6770495521887526,0.7775777373543483,0.6770495521887526,0.6786800179889803,0.9444444444444444,0.8011869436201781,8.19,0.61,160.6,False
xception,20,B,3.294705809139449e-05,0.34672395206160017,0.8270833333333333,7.5,1.0807211984532714,0.6260096930533118,0.6560877510948921,0.6525458110165856,0.7600087324891625,0.6525458110165856,0.6677649288855113,0.958904109589041,0.797427652733119,8.11,0.6,168.8,False
xception,21,B,2.7496202983833456e-05,0.3259784726632966,0.8368055555555556,7.59,1.0901693928992806,0.6130856219709209,0.6654629022065427,0.6562625136566289,0.763640233123162,0.6562625136566289,0.6766402837916634,0.9444444444444444,0.7987012987012987,8.19,0.6,177.1,False
xception,22,B,2.2380795036807794e-05,0.30741761757267844,0.8480902777777778,7.67,1.0939019692637424,0.630048465266559,0.6826297788005067,0.6771472108482268,0.7651039053535954,0.6771472108482268,0.6897390192347507,0.958904109589041,0.8102893890675241,8.29,0.62,185.4,True
xception,23,B,1.767542841708065e-05,0.28833177089691164,0.8519097222222223,7.72,1.1216967146789507,0.6340872374798061,0.6870371699902864,0.6864317755160875,0.7777586669542689,0.6864317755160875,0.6927629545981164,0.958904109589041,0.808641975308642,8.3,0.58,193.9,True
xception,24,B,1.3448717965530492e-05,0.2700941652059555,0.8706597222222222,7.46,1.138343600444917,0.624394184168013,0.682467657035023,0.6789391823459643,0.779402439088303,0.6789391823459643,0.6921978349870536,0.958904109589041,0.810126582278481,8.05,0.59,202.0,False
xception,25,B,9.762298638264013e-06,0.2624510313073794,0.865625,7.47,1.1430628072945868,0.6308562197092084,0.6818351638075174,0.6801211503098296,0.788337415314272,0.6801211503098296,0.6897621796487379,0.958904109589041,0.8209876543209876,8.06,0.59,210.2,False
xception,26,B,6.6699267301661265e-06,0.240879368616475,0.8888888888888888,7.71,1.1570312208909788,0.6348949919224556,0.6834548731903853,0.680228439774554,0.7822992977728166,0.680228439774554,0.6904735061332108,0.958904109589041,0.8150470219435737,8.32,0.61,218.6,False
xception,27,B,4.216695987071972e-06,0.2413714802927441,0.8848958333333333,7.62,1.1599159906580683,0.6268174474959612,0.6831398551646897,0.6799921439860747,0.7826956348891964,0.6799921439860747,0.6922203762171353,0.958904109589041,0.8138801261829653,8.2,0.58,226.8,False
xception,28,B,2.438380037410426e-06,0.23758323755529193,0.8861111111111111,7.6,1.1579964955808273,0.6308562197092084,0.6852559941715242,0.6806102671216803,0.7829719582389973,0.6806102671216803,0.6947512123128822,0.958904109589041,0.821656050955414,8.21,0.6,235.1,False
convnext_tiny,1,A,0.001,1.5895802405145434,0.2690972222222222,12.64,1.5654226177536035,0.2867528271405493,0.23747537998388082,0.3220493606283289,0.2518035223313735,0.3220493606283289,0.25232220286187124,0.14965986394557823,0.2098360655737705,21.71,9.06,21.7,True
convnext_tiny,2,A,0.0009970719095986026,1.3796526710192363,0.3579861111111111,4.31,1.3766352508295334,0.3998384491114701,0.24539684611574736,0.3916120897345333,0.4047313153369977,0.3916120897345333,0.3086047272938561,0.19939577039274925,0.13612565445026178,4.93,0.62,26.8,True
convnext_tiny,3,A,0.0009883219675771882,1.2676862637201944,0.4144097222222222,4.25,1.4024135099666761,0.4079159935379645,0.25451824145218144,0.4064933135021537,0.44145406373860985,0.4064933135021537,0.3217367289843065,0.21379310344827587,0.30564784053156147,4.84,0.6,31.8,True
convnext_tiny,4,B,0.0001,1.1653667377101051,0.4510416666666667,10.1,1.1024015705208017,0.4911147011308562,0.5000660774901656,0.5889874887394349,0.6924896196173596,0.5889874887394349,0.5012201454740721,0.578125,0.5679012345679012,10.7,0.6,42.7,True
convnext_tiny,5,B,9.963908926785367e-05,1.1058325350284577,0.45625,6.63,1.0350281654681066,0.518578352180937,0.5653492244129931,0.6137233235069361,0.7530594173254517,0.6137233235069361,0.6571177666298479,0.8831168831168831,0.7422096317280453,7.21,0.58,50.1,True
convnext_tiny,6,B,9.856161996258959e-05,0.8559485468599531,0.5871527777777777,6.52,0.9567239141792829,0.5831987075928917,0.6084059259869605,0.6645899308941926,0.7568036752810348,0.6645899308941926,0.5945216042627208,0.7551020408163265,0.7147147147147147,7.13,0.6,57.4,True
convnext_tiny,7,B,9.678330401292806e-05,0.7556513789627287,0.6274305555555556,6.72,0.8561993739861086,0.624394184168013,0.6434192910562968,0.6565140295421336,0.7975572991183517,0.6565140295421336,0.6736137286607701,0.8974358974358975,0.8275862068965517,7.34,0.62,64.9,True
convnext_tiny,8,B,9.43300732698339e-05,0.72519910633564,0.6355902777777778,6.75,0.7838753622404401,0.6389337641357028,0.6749217472120506,0.6946880715095519,0.836904736194199,0.6946880715095519,0.6789183829868939,0.8275862068965517,0.8053691275167785,7.37,0.62,72.4,True
convnext_tiny,9,B,9.1237701361736e-05,0.6786825315819847,0.6501736111111112,6.68,0.7704665423980245,0.635702746365105,0.683122623142044,0.702688761060578,0.8377470695685652,0.702688761060578,0.6992245480643398,0.8780487804878049,0.8126984126984127,7.24,0.56,79.8,True
convnext_tiny,10,B,8.755128203446951e-05,0.6428143918514252,0.6647569444444444,6.9,0.736744115300633,0.6534733441033925,0.6862807151259798,0.6766520126475266,0.8355337432427092,0.6766520126475266,0.7028740979024303,0.8918918918918919,0.825503355704698,7.5,0.59,87.5,True
convnext_tiny,11,B,8.332457158291937e-05,0.6137540840440326,0.6842013888888889,6.79,0.7591809313413304,0.6720516962843296,0.6646013193008365,0.6804516282415741,0.8246113800318401,0.6804516282415741,0.6755508598625608,0.8409090909090909,0.781021897810219,7.39,0.61,95.0,False
convnext_tiny,12,B,7.861920496319223e-05,0.6003832813766268,0.6989583333333333,6.76,0.7680657083027197,0.6558966074313409,0.6573906715972193,0.6796573169801828,0.8127094943324051,0.6796573169801828,0.6611974240301276,0.8571428571428571,0.7975077881619937,7.33,0.57,102.5,False
convnext_tiny,13,B,7.350379701616654e-05,0.5621654517120785,0.7036458333333333,6.81,0.8972041126647557,0.6203554119547657,0.665712376751569,0.6950064266464847,0.8127560572034755,0.6950064266464847,0.6657624162473315,0.8947368421052632,0.7341772151898734,7.43,0.62,110.0,False
convnext_tiny,14,B,6.80529419086055e-05,0.5444435394472547,0.7175347222222223,6.84,0.7918936583380515,0.6623586429725363,0.6914971183921856,0.7115263539554343,0.8443426081078845,0.7115263539554343,0.6960633431280998,0.8470588235294118,0.8065573770491803,7.44,0.6,117.5,True
convnext_tiny,15,B,6.234612538223413e-05,0.5104591442479027,0.7324652777777778,6.93,0.7882741251072707,0.659935379644588,0.6919340345249111,0.70887213212454,0.8363886781508199,0.70887213212454,0.6889149990012096,0.8395061728395061,0.8099688473520249,7.54,0.61,125.2,True
convnext_tiny,16,B,5.646656567263848e-05,0.4654648333787918,0.7506944444444444,6.88,0.7848553072077392,0.6704361873990307,0.7054691570369995,0.7160022721086186,0.8398486169727077,0.7160022721086186,0.7083440959783156,0.9,0.8220064724919094,7.47,0.59,132.8,True
convnext_tiny,17,B,5.049999999999999e-05,0.4444651284151607,0.7638888888888888,6.88,0.8079930649820553,0.6397415185783522,0.6948682206360609,0.7142134245129363,0.8382081858290993,0.7142134245129363,0.7172025304474213,0.8947368421052632,0.8130563798219584,7.48,0.6,140.5,False
convnext_tiny,18,B,4.4533434327361506e-05,0.40708930078479977,0.7854166666666667,6.81,0.9226507924388799,0.648626817447496,0.6763958959001266,0.6809852892317598,0.8260860231012244,0.6809852892317598,0.6904723466619865,0.8607594936708861,0.8262295081967214,7.4,0.59,148.0,False
convnext_tiny,19,B,3.86538746177659e-05,0.3745924360222287,0.8019097222222222,6.96,0.9110305001161788,0.6623586429725363,0.6930213713244656,0.6999351562354598,0.8143790662416884,0.6999351562354598,0.6903150495050573,0.8533333333333334,0.8220858895705522,7.54,0.58,155.6,False
convnext_tiny,20,B,3.294705809139449e-05,0.3390679438908895,0.815625,6.92,0.91440708172148,0.6268174474959612,0.681376829355145,0.6875780767494714,0.8246026131834651,0.6875780767494714,0.7021640010511897,0.8717948717948718,0.7986577181208053,7.51,0.59,163.2,False
convnext_tiny,21,B,2.7496202983833456e-05,0.3088364635076788,0.8333333333333334,6.98,1.0467719796786208,0.6550888529886915,0.6880006990046657,0.699186871262343,0.8213095695391703,0.699186871262343,0.6911592283740456,0.8831168831168831,0.8263473053892215,7.57,0.59,170.8,False
